Year,Numeric_Year,Season,District,Region,Soil_Quality,Area_Hectares,Production_Tonnes,Yield_Kg_per_Ha,Irrigation_Percent,Rainfall_mm,Temperature_Celsius,Humidity_Percent,Soil_pH,Soil_Organic_Carbon_Percent,Soil_Nitrogen_kg_per_ha,Soil_Phosphorus_kg_per_ha,Soil_Potassium_kg_per_ha,Urea_Applied_kg_per_ha,DAP_Applied_kg_per_ha,Potash_Applied_kg_per_ha,Organic_Fertilizer_kg_per_ha,Pest_Incidence,Disease_Incidence,Pesticide_Sprays,Seed_Variety,Sowing_Method,Water_Management,Weed_Management,Labor_Days_per_ha,Tractor_Hours_per_ha,Harvester_Used,Cost_of_Cultivation_Rs_per_ha,Market_Price_Rs_per_quintal,Gross_Revenue_Rs_per_ha,Net_Income_Rs_per_ha
2009-10,2009,Kharif,Bagalkot,North,medium,46737,132920,2844,69,1159,24.8,67,6.21,0.35,261.1,20.9,188.6,104,53,35,947,Low,High,6,BPT-5204,SRI,Flood Irrigation,Mixed,149,28,Yes,49719,2403,68341,18622
2009-10,2009,Rabi,Bagalkot,North,medium,16880,53729,3183,69,103,29.6,65,7.05,0.47,173.3,29.1,150.5,111,98,36,1235,Medium,High,4,MTU-1010,Transplanting,Sprinkler,Herbicide,148,18,No,37582,2365,75277,37695
2009-10,2009,Kharif,Ballari,North,high,63976,320327,5007,80,1033,30.9,71,6.87,0.65,156.9,14.6,143.4,110,79,36,1278,Medium,Medium,4,JGL-1798,Direct Seeding,Drip,Manual,114,37,Yes,54960,2450,122671,67711
2009-10,2009,Rabi,Ballari,North,high,28850,120160,4165,80,225,23.6,72,6.4,0.76,253.2,14.4,148.6,198,57,44,565,Medium,Medium,4,BPT-5204,Transplanting,Sprinkler,Mixed,120,21,No,47964,2458,102375,54411
2009-10,2009,Kharif,Belagavi,North,medium-low,39045,89686,2297,58,542,24.5,77,6.81,0.67,214.3,21.7,154.3,117,115,61,686,Low,Low,3,Rasi,Transplanting,Sprinkler,Herbicide,88,27,No,54526,2279,52348,-2177
2009-10,2009,Rabi,Belagavi,North,medium-low,22636,48757,2154,58,383,30.6,60,7.02,0.36,282.7,25.0,215.3,143,64,48,1390,Low,Medium,2,Rasi,SRI,Drip,Mixed,102,31,Yes,44779,2454,52859,8080
2009-10,2009,Kharif,Bengaluru Rural,South,medium,41125,121935,2965,63,556,25.7,65,6.81,0.69,229.6,10.0,148.6,102,64,53,1129,Low,Low,3,Intan,Transplanting,Flood Irrigation,Mixed,142,17,Yes,39207,2475,73383,34176
2009-10,2009,Rabi,Bengaluru Rural,South,medium,21401,63047,2946,63,184,24.7,79,6.63,0.41,230.9,24.6,130.2,139,101,72,1830,Medium,Medium,6,Jyothi,Transplanting,Flood Irrigation,Manual,88,25,Yes,54277,2367,69731,15454
2009-10,2009,Kharif,Bidar,North,medium-low,29302,72991,2491,54,407,22.7,80,6.09,0.33,154.7,16.6,177.1,135,112,43,1604,Low,High,6,Intan,Direct Seeding,Flood Irrigation,Herbicide,132,21,Yes,38176,2474,61627,23451
2009-10,2009,Rabi,Bidar,North,medium-low,20386,42790,2099,54,310,26.7,83,6.08,0.63,246.9,11.2,209.2,113,81,42,889,High,Medium,3,Jyothi,Transplanting,Drip,Herbicide,111,17,No,53033,1900,39881,-13152
2009-10,2009,Kharif,Chamarajanagar,South,medium,21654,61800,2854,60,953,30.4,62,7.39,0.72,174.9,19.7,132.1,151,57,40,1276,Low,Medium,4,MTU-1010,Direct Seeding,Drip,Herbicide,142,19,Yes,44722,2022,57707,12985
2009-10,2009,Rabi,Chamarajanagar,South,medium,11841,29934,2528,60,377,22.6,70,6.09,0.59,225.4,27.1,123.6,165,60,41,640,High,Low,3,Jyothi,Transplanting,Sprinkler,Manual,85,34,Yes,48737,2473,62517,13780
2009-10,2009,Kharif,Chikkaballapura,South,medium,44362,122971,2772,59,723,31.3,66,7.0,0.46,189.8,12.6,196.8,158,90,78,648,Low,Medium,6,Intan,Transplanting,Flood Irrigation,Mixed,107,31,No,39340,2157,59792,20452
2009-10,2009,Rabi,Chikkaballapura,South,medium,30704,65767,2142,59,225,25.7,65,6.66,0.57,195.4,29.7,221.1,167,51,72,1635,Medium,High,2,JGL-1798,Direct Seeding,Flood Irrigation,Manual,150,19,No,44232,2419,51814,7582
2009-10,2009,Kharif,Chikkamagaluru,South,medium,28471,97029,3408,65,608,28.9,68,6.76,0.43,286.2,11.0,195.1,135,55,30,1183,Low,High,4,JGL-1798,SRI,Drip,Mixed,134,32,Yes,38665,1877,63968,25303
2009-10,2009,Rabi,Chikkamagaluru,South,medium,30755,94141,3061,65,176,27.5,71,6.87,0.37,169.1,16.2,234.8,105,95,43,1896,Low,High,2,IR-64,SRI,Drip,Mixed,99,22,Yes,40801,2222,68015,27214
2009-10,2009,Kharif,Chitradurga,Central,medium-low,20555,49064,2387,58,740,29.8,73,7.2,0.73,271.6,15.3,218.1,113,98,32,1463,Low,Low,5,IR-64,Direct Seeding,Flood Irrigation,Manual,83,36,Yes,48056,2136,50986,2930
2009-10,2009,Rabi,Chitradurga,Central,medium-low,16890,44758,2650,58,242,25.5,76,6.6,0.79,230.4,28.8,117.3,133,72,67,1043,Low,Low,6,Jyothi,Direct Seeding,Sprinkler,Herbicide,135,34,Yes,47622,2390,63335,15713
2009-10,2009,Kharif,Dakshina Kannada,Coastal,medium-low,27596,63305,2294,55,1125,26.4,76,7.39,0.57,257.9,24.8,200.6,146,105,34,1860,Medium,High,4,Rasi,Transplanting,Sprinkler,Herbicide,144,24,No,45688,2212,50743,5055
2009-10,2009,Rabi,Dakshina Kannada,Coastal,medium-low,26492,55712,2103,55,165,23.9,81,7.41,0.64,285.4,22.3,145.1,170,50,49,1087,Low,Medium,6,Intan,SRI,Drip,Herbicide,136,29,Yes,51750,2284,48032,-3717
2009-10,2009,Kharif,Davanagere,Central,high,101700,407817,4010,78,486,24.8,81,6.95,0.47,272.8,25.0,200.9,128,75,39,550,Low,Low,5,Intan,Transplanting,Drip,Herbicide,104,37,No,51199,2209,88580,37381
2009-10,2009,Rabi,Davanagere,Central,high,32192,115923,3601,78,102,30.9,84,7.33,0.69,182.8,26.1,204.4,159,56,65,1010,Low,Medium,3,MTU-1010,Direct Seeding,Sprinkler,Mixed,120,39,No,51540,2236,80518,28978
2009-10,2009,Kharif,Dharwad,North,medium,54880,188128,3428,67,856,31.0,83,7.29,0.53,262.8,26.8,141.6,199,116,61,1783,Low,Medium,5,BPT-5204,SRI,Drip,Manual,114,25,No,52699,1882,64514,11815
2009-10,2009,Rabi,Dharwad,North,medium,13673,33840,2475,67,296,28.9,82,6.32,0.51,199.6,19.3,109.3,153,99,79,1696,High,Low,6,Jyothi,Direct Seeding,Flood Irrigation,Herbicide,118,39,No,48730,2351,58187,9457
2009-10,2009,Kharif,Gadag,North,medium,51342,165013,3214,60,1017,31.0,75,6.33,0.52,154.4,16.7,201.9,151,71,59,761,High,High,2,Jyothi,SRI,Sprinkler,Mixed,83,17,No,39446,2272,73022,33576
2009-10,2009,Rabi,Gadag,North,medium,14667,34467,2350,60,294,25.3,74,6.49,0.68,206.9,25.0,224.8,132,60,60,539,High,High,2,IR-64,Transplanting,Sprinkler,Manual,85,39,Yes,43102,2004,47094,3992
2009-10,2009,Kharif,Hassan,South,medium,55248,156351,2830,68,556,24.4,75,7.0,0.58,182.7,24.0,215.0,121,64,79,835,Medium,Low,6,BPT-5204,Direct Seeding,Sprinkler,Mixed,128,27,Yes,37490,2406,68089,30599
2009-10,2009,Rabi,Hassan,South,medium,26341,86609,3288,68,224,23.0,84,6.45,0.64,270.8,25.9,184.9,105,94,64,1377,High,Medium,2,Intan,SRI,Drip,Manual,133,30,Yes,49205,2170,71349,22144
2009-10,2009,Kharif,Haveri,North,medium,46573,161049,3458,62,870,29.1,73,6.26,0.56,247.6,22.3,237.9,199,111,59,1392,High,High,4,IR-64,Transplanting,Flood Irrigation,Herbicide,137,22,No,53672,2424,83821,30149
2009-10,2009,Rabi,Haveri,North,medium,25826,69678,2698,62,114,26.9,70,6.27,0.41,269.7,16.8,232.0,189,85,65,520,High,Low,2,JGL-1798,SRI,Drip,Herbicide,110,37,No,51083,2258,60920,9837
2009-10,2009,Kharif,Kalaburagi,North,medium-low,53276,115555,2169,57,701,24.2,82,6.36,0.63,205.4,21.1,151.6,195,120,51,1220,High,Medium,4,IR-64,Direct Seeding,Flood Irrigation,Manual,104,25,Yes,52559,1989,43141,-9417
2009-10,2009,Rabi,Kalaburagi,North,medium-low,14893,31260,2099,57,347,24.8,78,7.46,0.56,192.4,12.0,129.1,129,96,41,1119,Low,High,6,JGL-1798,Direct Seeding,Flood Irrigation,Manual,150,24,Yes,51085,1905,39985,-11099
2009-10,2009,Kharif,Kodagu,South,low,56676,103887,1833,48,691,26.7,74,6.51,0.78,187.9,27.2,117.1,108,101,61,651,High,High,2,JGL-1798,Transplanting,Sprinkler,Herbicide,90,22,Yes,53286,2226,40802,-12483
2009-10,2009,Rabi,Kodagu,South,low,24406,48787,1999,48,215,29.8,72,6.68,0.52,279.0,29.8,145.8,179,57,69,703,Low,High,3,IR-64,SRI,Flood Irrigation,Manual,110,20,Yes,40129,1802,36021,-4107
2009-10,2009,Kharif,Kolar,South,medium,36901,102105,2767,61,1008,26.7,61,6.35,0.65,255.4,19.1,203.1,133,75,57,735,High,Low,3,IR-64,Transplanting,Flood Irrigation,Manual,101,40,No,54498,2382,65909,11411
2009-10,2009,Rabi,Kolar,South,medium,17119,42711,2495,61,339,28.9,82,6.6,0.44,231.0,18.8,189.7,155,91,68,1012,Low,Low,3,Rasi,SRI,Sprinkler,Manual,114,33,Yes,40740,2281,56910,16170
2009-10,2009,Kharif,Koppal,North,high,83213,416481,5005,85,684,23.8,78,6.65,0.71,295.4,19.4,161.3,141,63,40,1175,Medium,High,5,IR-64,SRI,Drip,Mixed,84,29,Yes,45306,2058,103002,57696
2009-10,2009,Rabi,Koppal,North,high,35830,137300,3832,85,306,30.6,60,6.99,0.57,212.0,13.8,154.3,196,113,70,1405,Low,Low,4,Intan,Transplanting,Drip,Herbicide,142,18,Yes,54951,2045,78364,23413
2009-10,2009,Kharif,Mandya,South,high,99470,441746,4441,90,964,22.1,73,6.14,0.8,286.9,19.2,117.6,119,113,75,1097,High,High,4,Jyothi,Direct Seeding,Drip,Manual,138,32,Yes,47569,1995,88597,41028
2009-10,2009,Rabi,Mandya,South,high,48496,217601,4487,90,169,30.6,68,7.16,0.73,201.0,25.8,140.1,100,86,76,1111,High,High,5,MTU-1010,Transplanting,Drip,Mixed,141,26,No,53085,2356,105713,52628
2009-10,2009,Kharif,Mysuru,South,medium,35568,119366,3356,70,729,30.7,82,6.36,0.49,278.4,18.2,147.7,160,98,54,1859,High,Low,5,BPT-5204,Transplanting,Sprinkler,Mixed,122,18,No,38267,2338,78463,40196
2009-10,2009,Rabi,Mysuru,South,medium,31383,95341,3038,70,173,26.1,80,7.45,0.34,267.2,15.3,193.5,150,60,51,1881,High,Medium,4,Rasi,SRI,Drip,Mixed,84,34,Yes,42692,2446,74309,31617
2009-10,2009,Kharif,Raichur,North,high,97307,511056,5252,82,632,29.5,73,7.47,0.68,255.6,12.0,125.0,138,53,32,1164,Low,Medium,4,IR-64,Direct Seeding,Flood Irrigation,Manual,147,28,Yes,40570,1979,103937,63367
2009-10,2009,Rabi,Raichur,North,high,24622,107302,4358,82,295,28.2,67,6.75,0.59,184.8,22.8,168.9,185,51,59,1089,High,High,3,BPT-5204,Direct Seeding,Drip,Mixed,118,35,No,43195,2267,98795,55600
2009-10,2009,Kharif,Ramanagara,South,medium,55507,156751,2824,66,793,30.5,63,6.36,0.59,236.2,29.9,144.3,184,100,47,516,High,High,2,Intan,SRI,Drip,Herbicide,109,34,No,42176,2451,69216,27040
2009-10,2009,Rabi,Ramanagara,South,medium,14860,41830,2815,66,170,28.3,80,6.97,0.45,216.1,21.6,209.9,111,87,50,1350,Low,Low,3,MTU-1010,SRI,Drip,Mixed,144,23,Yes,43420,2293,64547,21127
2009-10,2009,Kharif,Shivamogga,Central,high,64144,308276,4806,75,746,30.0,74,7.44,0.37,295.0,27.2,208.6,150,96,35,1308,Low,Medium,6,BPT-5204,Direct Seeding,Drip,Mixed,113,33,No,47172,1910,91794,44622
2009-10,2009,Rabi,Shivamogga,Central,high,51958,193595,3726,75,112,28.2,77,6.49,0.61,247.1,22.7,169.6,189,88,71,1336,Low,Low,2,BPT-5204,Direct Seeding,Drip,Manual,92,22,Yes,47735,2264,84356,36621
2009-10,2009,Kharif,Tumakuru,South,medium,35304,107994,3059,64,1160,29.0,77,6.63,0.67,173.2,18.3,114.9,162,102,47,567,High,Medium,3,Jyothi,Direct Seeding,Flood Irrigation,Herbicide,92,36,No,52841,2460,75251,22410
2009-10,2009,Rabi,Tumakuru,South,medium,18727,42809,2286,64,241,23.9,63,7.42,0.71,163.8,14.2,195.9,102,56,80,1183,Low,Low,6,JGL-1798,Transplanting,Sprinkler,Manual,107,22,No,39835,2410,55092,15257
2009-10,2009,Kharif,Udupi,Coastal,medium-low,19619,43593,2222,52,548,31.9,77,6.38,0.39,249.2,10.5,102.2,200,80,67,1163,Low,Low,4,BPT-5204,Transplanting,Sprinkler,Herbicide,147,18,Yes,50605,2259,50194,-410
2009-10,2009,Rabi,Udupi,Coastal,medium-low,28345,58532,2065,52,155,26.5,67,7.42,0.32,267.5,27.3,178.2,158,53,33,1480,Medium,Medium,2,Jyothi,SRI,Drip,Manual,90,25,Yes,37152,1929,39833,2681
2009-10,2009,Kharif,Uttara Kannada,Coastal,medium-low,31214,74351,2382,50,999,27.5,70,6.57,0.6,194.2,20.1,164.5,189,64,71,1833,High,High,3,Jyothi,Direct Seeding,Flood Irrigation,Herbicide,123,29,No,48631,1897,45186,-3444
2009-10,2009,Rabi,Uttara Kannada,Coastal,medium-low,17668,35901,2032,50,230,25.7,64,7.03,0.54,163.7,11.7,164.8,195,97,38,1639,Low,High,6,Intan,Direct Seeding,Sprinkler,Manual,132,26,No,36685,2094,42550,5865
2009-10,2009,Kharif,Vijayapura,North,medium-low,45076,105748,2346,56,506,27.8,66,6.23,0.54,277.1,17.0,183.4,114,85,66,963,Medium,High,6,Intan,SRI,Sprinkler,Mixed,83,34,No,35948,1984,46544,10596
2009-10,2009,Rabi,Vijayapura,North,medium-low,16767,40006,2386,56,258,31.2,71,6.01,0.73,234.9,18.0,121.3,181,53,35,1586,Low,Medium,5,Jyothi,Direct Seeding,Flood Irrigation,Herbicide,119,38,No,53598,2410,57502,3904
2009-10,2009,Kharif,Yadgir,North,medium-low,23117,59433,2571,51,559,23.6,79,6.07,0.34,216.5,18.5,191.1,153,84,43,1549,Low,Medium,5,BPT-5204,Direct Seeding,Sprinkler,Mixed,142,31,No,36488,2025,52062,15574
2009-10,2009,Rabi,Yadgir,North,medium-low,19565,46740,2389,51,128,22.1,69,7.42,0.68,264.6,15.8,118.0,163,105,41,764,Medium,High,3,Intan,SRI,Sprinkler,Herbicide,89,27,Yes,49294,1819,43455,-5838
2010-11,2010,Kharif,Bagalkot,North,medium,38615,140597,3641,69,720,27.8,78,6.61,0.62,193.4,18.1,244.9,121,108,74,1241,Low,Medium,2,JGL-1798,Direct Seeding,Sprinkler,Herbicide,147,17,No,45167,2147,78172,33005
2010-11,2010,Rabi,Bagalkot,North,medium,15394,42826,2782,69,186,22.8,80,6.17,0.55,285.9,17.0,209.1,182,68,45,710,Low,Medium,3,JGL-1798,SRI,Flood Irrigation,Mixed,89,20,No,50202,2377,66128,15926
2010-11,2010,Kharif,Ballari,North,high,102493,479667,4680,80,1097,31.2,78,6.96,0.79,198.5,29.4,147.4,156,58,60,1405,High,Medium,4,Intan,Transplanting,Drip,Mixed,89,24,No,49808,1838,86018,36210
2010-11,2010,Rabi,Ballari,North,high,23326,92720,3975,80,246,22.8,62,6.92,0.55,219.4,21.1,218.8,105,107,66,1834,Low,Medium,6,Jyothi,SRI,Flood Irrigation,Manual,137,18,No,37763,2316,92061,54298
2010-11,2010,Kharif,Belagavi,North,medium-low,46458,108479,2335,58,653,29.1,74,6.79,0.6,204.6,28.4,158.1,199,93,73,1724,Low,High,4,BPT-5204,Direct Seeding,Flood Irrigation,Mixed,129,24,No,54749,1953,45602,-9146
2010-11,2010,Rabi,Belagavi,North,medium-low,17927,36768,2051,58,172,31.2,69,7.45,0.65,208.8,21.9,240.7,139,98,71,1172,Low,High,6,BPT-5204,SRI,Sprinkler,Herbicide,145,26,Yes,46881,2116,43399,-3481
2010-11,2010,Kharif,Bengaluru Rural,South,medium,26851,87937,3275,63,749,31.5,75,6.29,0.8,173.2,15.9,218.2,164,119,77,1578,Low,High,4,MTU-1010,SRI,Flood Irrigation,Mixed,128,19,Yes,40925,2439,79877,38952
2010-11,2010,Rabi,Bengaluru Rural,South,medium,28707,84025,2927,63,324,22.4,71,7.01,0.42,216.6,15.7,212.3,157,79,64,989,Medium,Medium,3,IR-64,SRI,Sprinkler,Herbicide,139,39,No,47513,2314,67730,20217
2010-11,2010,Kharif,Bidar,North,medium-low,41463,98764,2382,54,565,30.2,85,6.91,0.74,157.8,19.6,155.7,113,116,37,1083,Low,Low,4,Jyothi,SRI,Flood Irrigation,Herbicide,91,22,No,46455,1827,43519,-2935
2010-11,2010,Rabi,Bidar,North,medium-low,19775,37888,1916,54,357,25.7,72,7.49,0.49,154.2,28.6,225.9,183,92,80,799,Low,Low,4,MTU-1010,Direct Seeding,Sprinkler,Manual,140,29,Yes,37596,1819,34852,-2743
2010-11,2010,Kharif,Chamarajanagar,South,medium,30036,75450,2512,60,553,27.5,83,6.91,0.51,266.4,14.8,118.3,130,103,70,1775,Medium,Low,2,MTU-1010,Direct Seeding,Sprinkler,Mixed,82,35,Yes,39704,2098,52701,12997
2010-11,2010,Rabi,Chamarajanagar,South,medium,20101,42513,2115,60,280,24.4,73,6.28,0.63,228.5,17.2,243.0,169,114,80,1539,High,Low,5,MTU-1010,Direct Seeding,Flood Irrigation,Mixed,129,26,No,35532,2165,45789,10257
2010-11,2010,Kharif,Chikkaballapura,South,medium,52451,124885,2381,59,646,29.3,80,6.16,0.59,263.5,12.7,152.8,143,72,79,1902,Medium,High,5,Rasi,Transplanting,Flood Irrigation,Manual,138,16,No,41605,1844,43905,2300
2010-11,2010,Rabi,Chikkaballapura,South,medium,28301,63762,2253,59,121,25.2,69,6.77,0.79,231.5,15.1,213.0,124,86,52,597,High,Medium,4,BPT-5204,Direct Seeding,Drip,Herbicide,136,27,No,41121,2308,51999,10878
2010-11,2010,Kharif,Chikkamagaluru,South,medium,48391,155431,3212,65,931,24.7,62,7.09,0.34,240.4,26.4,181.8,141,63,35,1171,High,Medium,4,Jyothi,SRI,Sprinkler,Herbicide,101,37,No,46519,2257,72494,25975
2010-11,2010,Rabi,Chikkamagaluru,South,medium,11333,35211,3107,65,280,28.1,73,6.41,0.79,292.2,11.5,195.6,146,115,77,1891,Low,Low,3,MTU-1010,SRI,Sprinkler,Herbicide,84,19,Yes,42733,2460,76432,33699
2010-11,2010,Kharif,Chitradurga,Central,medium-low,34681,88332,2547,58,980,22.3,64,7.02,0.77,205.8,25.3,186.1,167,96,55,1143,High,Medium,3,BPT-5204,Transplanting,Sprinkler,Manual,143,31,No,53404,1920,48902,-4501
2010-11,2010,Rabi,Chitradurga,Central,medium-low,16305,42409,2601,58,328,24.1,79,6.43,0.76,223.7,12.5,227.9,157,72,75,1411,Low,High,4,Rasi,Direct Seeding,Sprinkler,Manual,150,32,No,44828,1961,51005,6177
2010-11,2010,Kharif,Dakshina Kannada,Coastal,medium-low,49223,130293,2647,55,1117,28.4,85,6.54,0.41,297.8,25.8,135.5,163,53,53,1634,High,Medium,5,MTU-1010,SRI,Flood Irrigation,Mixed,91,17,No,48046,2290,60616,12570
2010-11,2010,Rabi,Dakshina Kannada,Coastal,medium-low,22286,48917,2195,55,309,30.2,62,6.19,0.46,161.1,19.3,177.6,116,120,70,1703,Low,Low,5,Intan,Transplanting,Flood Irrigation,Mixed,99,24,Yes,40307,2130,46753,6446
2010-11,2010,Kharif,Davanagere,Central,high,98238,402677,4099,78,931,30.9,62,6.38,0.62,232.6,12.5,145.4,168,61,62,1812,Low,High,6,JGL-1798,Transplanting,Sprinkler,Mixed,123,33,Yes,35929,1883,77184,41255
2010-11,2010,Rabi,Davanagere,Central,high,22808,104551,4584,78,395,24.6,66,7.15,0.51,245.8,20.0,194.1,137,88,60,1001,High,Medium,4,Jyothi,Transplanting,Sprinkler,Manual,100,29,No,50867,2275,104286,53419
2010-11,2010,Kharif,Dharwad,North,medium,27851,81436,2924,67,547,25.1,82,6.48,0.79,201.8,18.0,214.1,165,63,50,995,Medium,Low,4,Jyothi,Transplanting,Flood Irrigation,Manual,86,24,No,48701,2054,60058,11357
2010-11,2010,Rabi,Dharwad,North,medium,29983,93337,3113,67,267,31.3,83,6.47,0.68,224.7,20.3,174.8,139,113,31,684,Medium,High,5,JGL-1798,Transplanting,Sprinkler,Herbicide,86,16,No,51216,2411,75054,23838
2010-11,2010,Kharif,Gadag,North,medium,56400,187586,3326,60,1088,26.7,77,6.01,0.35,170.1,15.3,154.9,151,96,32,1320,Low,High,6,JGL-1798,Direct Seeding,Sprinkler,Herbicide,89,27,No,53017,2086,69380,16363
2010-11,2010,Rabi,Gadag,North,medium,29076,91007,3130,60,160,23.3,63,6.59,0.7,200.9,28.8,213.2,125,115,55,1524,Low,Low,2,JGL-1798,SRI,Drip,Herbicide,146,29,Yes,54865,2327,72835,17970
2010-11,2010,Kharif,Hassan,South,medium,25148,79216,3150,68,1027,25.2,72,7.49,0.67,194.9,16.7,224.2,168,112,75,1652,Medium,Medium,2,IR-64,Direct Seeding,Sprinkler,Manual,133,33,No,35873,2411,75946,40073
2010-11,2010,Rabi,Hassan,South,medium,21128,59073,2796,68,396,27.8,83,6.08,0.54,228.6,24.4,216.2,148,68,73,996,Low,High,2,JGL-1798,Transplanting,Drip,Herbicide,133,19,No,41681,2220,62071,20390
2010-11,2010,Kharif,Haveri,North,medium,40384,135892,3365,62,882,30.7,83,7.09,0.65,227.8,21.2,249.7,161,117,54,1142,Low,Medium,6,IR-64,SRI,Drip,Mixed,113,34,No,41300,2052,69049,27749
2010-11,2010,Rabi,Haveri,North,medium,16696,47800,2863,62,215,31.4,69,7.16,0.65,253.5,19.8,172.0,171,85,48,749,High,High,6,Jyothi,Direct Seeding,Drip,Manual,117,16,No,37589,2154,61669,24080
2010-11,2010,Kharif,Kalaburagi,North,medium-low,37883,101147,2670,57,1165,26.8,66,7.24,0.44,234.3,15.4,116.4,194,80,45,603,High,High,3,Rasi,Transplanting,Flood Irrigation,Manual,132,25,No,38294,2497,66669,28375
2010-11,2010,Rabi,Kalaburagi,North,medium-low,27840,57350,2060,57,381,31.8,65,6.61,0.77,281.8,19.5,129.9,136,91,48,1822,Low,Low,6,JGL-1798,SRI,Sprinkler,Mixed,84,20,No,40760,1837,37842,-2917
2010-11,2010,Kharif,Kodagu,South,low,54458,114143,2096,48,907,23.9,83,7.44,0.76,281.5,10.2,185.2,113,92,48,1430,High,High,6,Jyothi,Transplanting,Sprinkler,Herbicide,114,21,Yes,45835,1966,41207,-4627
2010-11,2010,Rabi,Kodagu,South,low,26942,52105,1934,48,231,29.2,60,7.1,0.7,235.2,25.1,126.3,181,101,57,1555,Medium,Low,5,Rasi,Transplanting,Flood Irrigation,Manual,141,25,Yes,35223,2067,39975,4752
2010-11,2010,Kharif,Kolar,South,medium,35408,92096,2601,61,1171,24.7,70,6.45,0.66,151.7,23.1,203.9,107,65,59,1128,Low,Medium,6,Rasi,Direct Seeding,Sprinkler,Manual,117,26,Yes,42180,1936,50355,8175
2010-11,2010,Rabi,Kolar,South,medium,21210,48613,2292,61,291,26.2,77,7.37,0.68,270.3,26.5,214.3,187,60,63,1414,High,High,4,BPT-5204,SRI,Flood Irrigation,Manual,150,31,Yes,53766,2349,53839,73
2010-11,2010,Kharif,Koppal,North,high,51144,220993,4321,85,932,26.4,81,6.31,0.59,163.6,20.2,221.3,158,66,62,1350,Medium,High,2,Intan,Direct Seeding,Sprinkler,Herbicide,82,27,No,35098,2023,87413,52315
2010-11,2010,Rabi,Koppal,North,high,46959,178068,3792,85,316,25.4,62,6.81,0.33,284.1,29.7,170.8,136,102,41,777,High,High,5,IR-64,Direct Seeding,Drip,Herbicide,128,17,Yes,46395,1921,72844,26449
2010-11,2010,Kharif,Mandya,South,high,53553,304930,5694,90,802,27.3,83,7.47,0.72,263.4,29.6,169.5,192,119,57,1589,Medium,Low,3,Jyothi,Direct Seeding,Flood Irrigation,Herbicide,104,38,Yes,36055,2476,140983,104928
2010-11,2010,Rabi,Mandya,South,high,39749,184673,4646,90,108,24.4,62,6.15,0.32,239.7,24.1,107.3,194,55,55,1398,Low,High,3,MTU-1010,Transplanting,Flood Irrigation,Mixed,117,22,No,53922,2412,112061,58139
2010-11,2010,Kharif,Mysuru,South,medium,51779,186041,3593,70,728,24.4,64,7.48,0.56,212.0,15.5,183.5,175,72,70,1890,Medium,High,5,BPT-5204,Direct Seeding,Sprinkler,Mixed,128,40,No,48642,2218,79692,31050
2010-11,2010,Rabi,Mysuru,South,medium,13755,39999,2908,70,194,29.5,75,6.36,0.41,278.6,12.9,169.5,107,102,56,1641,High,Low,5,JGL-1798,Direct Seeding,Flood Irrigation,Herbicide,90,29,No,38029,2348,68279,30250
2010-11,2010,Kharif,Raichur,North,high,99522,511443,5139,82,452,24.7,81,6.91,0.32,160.9,26.1,188.1,185,77,60,927,Medium,Medium,2,JGL-1798,Transplanting,Sprinkler,Manual,141,22,Yes,47996,2045,105092,57096
2010-11,2010,Rabi,Raichur,North,high,45770,183446,4008,82,244,25.8,77,6.97,0.45,203.9,27.7,169.9,192,110,78,1155,Low,Medium,4,Jyothi,Transplanting,Sprinkler,Manual,98,15,No,53130,2398,96111,42981
2010-11,2010,Kharif,Ramanagara,South,medium,43639,140299,3215,66,702,23.5,70,6.35,0.58,186.9,21.0,241.5,143,82,78,1500,High,High,5,Jyothi,Transplanting,Sprinkler,Herbicide,101,19,No,41030,2355,75713,34683
2010-11,2010,Rabi,Ramanagara,South,medium,24917,77342,3104,66,368,22.3,62,7.42,0.63,264.7,18.2,226.4,129,58,75,809,Low,Low,6,Jyothi,Direct Seeding,Flood Irrigation,Mixed,141,36,No,35515,1806,56058,20543
2010-11,2010,Kharif,Shivamogga,Central,high,83330,379901,4559,75,412,22.2,83,6.41,0.79,152.6,26.3,201.1,122,63,36,1573,Low,Low,3,Intan,SRI,Drip,Herbicide,114,40,No,37589,2182,99477,61888
2010-11,2010,Rabi,Shivamogga,Central,high,39150,157148,4014,75,224,31.9,67,6.45,0.71,162.1,29.8,197.5,104,61,55,1276,Medium,High,5,BPT-5204,SRI,Flood Irrigation,Mixed,101,17,No,49218,2460,98744,49526
2010-11,2010,Kharif,Tumakuru,South,medium,52276,145222,2778,64,497,30.9,61,6.34,0.75,253.8,21.3,140.7,109,85,64,1654,High,Low,3,MTU-1010,Direct Seeding,Flood Irrigation,Manual,98,39,No,37521,2106,58504,20983
2010-11,2010,Rabi,Tumakuru,South,medium,14055,37920,2698,64,390,30.3,72,7.02,0.57,207.6,24.8,218.6,188,60,62,1208,Low,Low,5,JGL-1798,Transplanting,Drip,Mixed,130,39,No,35970,2449,66074,30104
2010-11,2010,Kharif,Udupi,Coastal,medium-low,30768,79935,2598,52,861,26.9,71,6.83,0.49,177.9,21.7,157.0,198,87,45,1960,Low,Low,4,JGL-1798,Direct Seeding,Sprinkler,Mixed,99,38,No,45376,2169,56350,10974
2010-11,2010,Rabi,Udupi,Coastal,medium-low,12788,24361,1905,52,257,26.4,84,6.4,0.37,178.1,19.0,183.2,152,63,31,683,Medium,High,2,Intan,SRI,Drip,Herbicide,81,24,No,47707,1886,35928,-11778
2010-11,2010,Kharif,Uttara Kannada,Coastal,medium-low,49770,128804,2588,50,648,27.7,65,7.03,0.38,190.3,15.4,121.9,121,105,47,1362,Medium,Medium,2,IR-64,Direct Seeding,Flood Irrigation,Mixed,143,34,Yes,50003,1909,49404,-598
2010-11,2010,Rabi,Uttara Kannada,Coastal,medium-low,13443,26496,1971,50,302,25.3,79,6.57,0.73,216.0,18.6,223.5,183,67,49,1156,High,High,3,Jyothi,Direct Seeding,Flood Irrigation,Herbicide,120,24,No,53870,2048,40366,-13503
2010-11,2010,Kharif,Vijayapura,North,medium-low,32979,79413,2408,56,802,25.7,78,6.3,0.8,177.0,25.4,104.0,193,109,75,929,Medium,Medium,2,MTU-1010,Direct Seeding,Sprinkler,Herbicide,97,35,No,42930,2058,49556,6626
2010-11,2010,Rabi,Vijayapura,North,medium-low,25300,51384,2031,56,316,29.9,62,6.67,0.6,237.3,20.7,238.5,188,103,64,575,Medium,High,6,Intan,SRI,Flood Irrigation,Manual,111,36,No,40450,2462,50003,9553
2010-11,2010,Kharif,Yadgir,North,medium-low,45051,90327,2005,51,1060,28.8,72,7.45,0.47,269.4,12.1,114.8,128,115,77,1562,High,High,6,JGL-1798,Direct Seeding,Drip,Herbicide,139,39,Yes,46303,1825,36591,-9711
2010-11,2010,Rabi,Yadgir,North,medium-low,21314,39494,1853,51,312,31.2,62,6.17,0.77,171.3,16.2,168.3,126,116,60,1213,Medium,Low,5,Rasi,SRI,Drip,Herbicide,88,24,Yes,38771,1823,33780,-4990
2011-12,2011,Kharif,Bagalkot,North,medium,54336,168332,3098,69,511,28.8,65,7.39,0.67,227.4,21.0,149.6,154,109,44,1329,High,Low,3,Rasi,SRI,Drip,Herbicide,83,38,Yes,49731,2406,74537,24806
2011-12,2011,Rabi,Bagalkot,North,medium,19863,56530,2846,69,209,24.1,84,7.06,0.7,236.6,26.0,180.5,146,91,42,1437,Low,Medium,5,Intan,SRI,Drip,Mixed,129,34,No,54234,1916,54529,295
2011-12,2011,Kharif,Ballari,North,high,66992,293692,4384,80,868,28.2,81,7.06,0.45,242.2,11.7,120.1,115,80,49,739,Low,Medium,3,Intan,Direct Seeding,Drip,Mixed,97,33,No,48862,1990,87241,38379
2011-12,2011,Rabi,Ballari,North,high,42285,182671,4320,80,188,27.5,75,6.43,0.39,276.3,22.4,229.8,101,112,38,899,Medium,High,6,Rasi,Direct Seeding,Drip,Mixed,142,28,No,51013,1971,85147,34134
2011-12,2011,Kharif,Belagavi,North,medium-low,22467,59627,2654,58,1179,24.2,61,6.41,0.57,175.2,19.1,211.4,198,113,65,1546,Low,High,2,IR-64,SRI,Drip,Mixed,85,39,No,52902,2023,53690,788
2011-12,2011,Rabi,Belagavi,North,medium-low,19765,41111,2080,58,226,25.0,61,6.67,0.47,272.5,18.8,249.1,199,80,43,1704,High,Medium,6,Rasi,Direct Seeding,Flood Irrigation,Mixed,97,40,Yes,41781,1860,38688,-3093
2011-12,2011,Kharif,Bengaluru Rural,South,medium,42732,118495,2773,63,687,28.0,65,6.49,0.65,193.4,15.3,228.7,186,62,38,1342,Low,Medium,3,Rasi,Transplanting,Flood Irrigation,Manual,121,22,No,51038,1945,53934,2896
2011-12,2011,Rabi,Bengaluru Rural,South,medium,23174,63288,2731,63,312,25.8,62,6.95,0.74,164.0,20.3,141.7,147,108,61,1170,High,Low,2,Rasi,Direct Seeding,Sprinkler,Mixed,125,17,No,42137,2239,61147,19010
2011-12,2011,Kharif,Bidar,North,medium-low,53324,119819,2247,54,674,25.2,69,6.51,0.59,234.9,19.7,151.6,187,56,32,703,High,Medium,2,BPT-5204,Transplanting,Drip,Herbicide,80,28,Yes,39322,2465,55388,16066
2011-12,2011,Rabi,Bidar,North,medium-low,17005,34027,2001,54,240,22.9,71,6.38,0.49,285.6,13.3,159.5,139,79,57,1842,Low,High,2,BPT-5204,Transplanting,Drip,Manual,96,33,Yes,52021,2496,49944,-2076
2011-12,2011,Kharif,Chamarajanagar,South,medium,37534,88505,2358,60,1112,25.4,63,7.48,0.51,169.8,11.4,157.5,193,63,36,1141,Medium,Medium,3,Jyothi,Transplanting,Sprinkler,Mixed,98,17,Yes,54998,2465,58124,3126
2011-12,2011,Rabi,Chamarajanagar,South,medium,13920,34173,2455,60,209,28.3,64,7.38,0.61,216.4,14.3,234.5,117,65,67,1995,Medium,Medium,5,IR-64,Transplanting,Flood Irrigation,Herbicide,90,22,No,35878,2474,60736,24858
2011-12,2011,Kharif,Chikkaballapura,South,medium,55445,143436,2587,59,930,28.1,66,7.12,0.45,158.2,28.0,243.2,163,99,37,993,Medium,High,6,BPT-5204,SRI,Flood Irrigation,Herbicide,120,19,No,53624,2230,57690,4066
2011-12,2011,Rabi,Chikkaballapura,South,medium,18427,46509,2524,59,188,29.6,84,6.11,0.59,152.1,14.3,238.4,150,114,48,1787,High,High,5,Jyothi,SRI,Drip,Manual,148,32,Yes,44092,1885,47577,3485
2011-12,2011,Kharif,Chikkamagaluru,South,medium,31916,90162,2825,65,608,31.7,64,6.8,0.5,245.1,26.7,202.2,108,89,74,1395,High,Low,2,JGL-1798,Transplanting,Drip,Manual,138,34,Yes,45134,2482,70116,24982
2011-12,2011,Rabi,Chikkamagaluru,South,medium,26851,82217,3062,65,189,23.2,82,6.21,0.31,224.5,16.9,177.6,192,83,40,1261,Low,High,4,Rasi,Transplanting,Flood Irrigation,Herbicide,134,23,Yes,43616,2390,73181,29565
2011-12,2011,Kharif,Chitradurga,Central,medium-low,45120,105400,2336,58,866,27.1,61,6.75,0.58,205.2,15.1,115.4,173,64,44,1542,Low,Low,2,JGL-1798,Transplanting,Drip,Herbicide,129,19,Yes,36158,2366,55269,19111
2011-12,2011,Rabi,Chitradurga,Central,medium-low,28226,76661,2716,58,314,24.2,67,6.62,0.66,190.7,11.6,155.9,164,56,41,957,High,Low,5,BPT-5204,Direct Seeding,Drip,Herbicide,121,17,No,35261,2177,59127,23866
2011-12,2011,Kharif,Dakshina Kannada,Coastal,medium-low,27374,64356,2351,55,711,29.4,67,6.7,0.6,224.0,25.5,129.3,169,81,39,513,Medium,Low,3,Intan,Direct Seeding,Sprinkler,Mixed,81,25,Yes,47329,2114,49700,2371
2011-12,2011,Rabi,Dakshina Kannada,Coastal,medium-low,12574,26053,2072,55,221,26.2,61,7.46,0.37,192.0,10.9,134.7,166,102,74,1262,Medium,High,2,Intan,Transplanting,Sprinkler,Manual,130,17,Yes,49253,2478,51344,2091
2011-12,2011,Kharif,Davanagere,Central,high,48932,202040,4129,78,667,30.5,85,6.59,0.72,198.9,19.1,135.0,125,67,79,1697,Low,Low,2,JGL-1798,Direct Seeding,Drip,Herbicide,132,18,No,41803,2262,93397,51594
2011-12,2011,Rabi,Davanagere,Central,high,34300,137645,4013,78,161,22.9,85,7.03,0.71,254.5,10.8,225.4,141,68,35,1956,Low,Medium,5,Intan,Transplanting,Sprinkler,Herbicide,113,20,Yes,48251,2263,90814,42563
2011-12,2011,Kharif,Dharwad,North,medium,42144,139623,3313,67,655,22.9,63,7.21,0.37,151.8,26.6,247.4,116,75,55,1262,High,High,2,Intan,SRI,Drip,Manual,82,17,Yes,49530,1931,63974,14444
2011-12,2011,Rabi,Dharwad,North,medium,12306,38517,3130,67,269,23.2,74,6.08,0.76,215.0,24.5,174.4,148,104,41,1224,Low,Low,4,IR-64,Direct Seeding,Flood Irrigation,Manual,111,35,No,51347,2221,69517,18170
2011-12,2011,Kharif,Gadag,North,medium,55732,171543,3078,60,462,22.9,72,6.21,0.4,282.7,20.5,194.6,169,52,54,1960,Medium,Medium,6,MTU-1010,Direct Seeding,Drip,Mixed,144,25,No,43861,1984,61067,17206
2011-12,2011,Rabi,Gadag,North,medium,10831,28149,2599,60,212,22.3,85,7.17,0.33,298.7,20.6,215.0,129,70,36,1007,High,Low,4,Intan,SRI,Flood Irrigation,Manual,129,26,Yes,40770,2042,53071,12301
2011-12,2011,Kharif,Hassan,South,medium,43665,137763,3155,68,1155,29.0,78,6.04,0.65,292.1,21.3,184.5,124,113,64,1132,Low,Medium,2,BPT-5204,Transplanting,Flood Irrigation,Mixed,108,15,No,35022,2139,67485,32463
2011-12,2011,Rabi,Hassan,South,medium,23996,66060,2753,68,166,25.4,65,7.38,0.72,198.5,10.4,188.0,118,64,63,1247,Low,Medium,5,Intan,Transplanting,Drip,Herbicide,121,19,Yes,49315,2454,67558,18243
2011-12,2011,Kharif,Haveri,North,medium,39286,128190,3263,62,578,29.1,77,7.04,0.76,268.0,14.5,188.3,122,98,49,1910,Medium,Low,3,Rasi,Transplanting,Sprinkler,Mixed,130,39,Yes,40966,2416,78834,37868
2011-12,2011,Rabi,Haveri,North,medium,17371,55291,3183,62,213,28.4,63,7.41,0.37,261.8,14.8,247.4,121,61,75,1872,High,High,4,Jyothi,Transplanting,Drip,Manual,111,37,Yes,46484,2062,65633,19149
2011-12,2011,Kharif,Kalaburagi,North,medium-low,51753,117375,2268,57,401,22.5,74,7.1,0.78,282.7,19.9,156.8,169,98,36,1481,High,High,3,JGL-1798,Direct Seeding,Flood Irrigation,Manual,117,15,No,43556,1907,43250,-305
2011-12,2011,Rabi,Kalaburagi,North,medium-low,11908,26388,2216,57,292,23.6,62,6.82,0.75,164.0,21.9,192.0,161,53,57,1838,Low,High,5,JGL-1798,Transplanting,Flood Irrigation,Herbicide,106,21,No,53157,2353,52142,-1014
2011-12,2011,Kharif,Kodagu,South,low,30059,68564,2281,48,704,24.4,61,6.59,0.57,223.6,11.1,100.6,111,87,72,1780,High,Medium,3,BPT-5204,Transplanting,Flood Irrigation,Manual,117,17,No,38784,2115,48243,9459
2011-12,2011,Rabi,Kodagu,South,low,27818,53215,1913,48,350,30.9,68,6.14,0.57,177.7,27.7,155.4,157,55,46,1400,Medium,Medium,3,MTU-1010,Direct Seeding,Sprinkler,Manual,99,39,Yes,37808,2484,47518,9710
2011-12,2011,Kharif,Kolar,South,medium,33324,103237,3098,61,823,31.7,78,6.34,0.33,208.1,20.5,244.8,187,110,66,982,Medium,Medium,2,Jyothi,SRI,Flood Irrigation,Mixed,146,40,Yes,38941,2259,69983,31042
2011-12,2011,Rabi,Kolar,South,medium,14117,41122,2913,61,185,31.7,85,6.29,0.32,161.8,23.7,130.3,180,68,68,1028,Medium,High,2,BPT-5204,Direct Seeding,Sprinkler,Herbicide,150,25,No,52029,2269,66095,14066
2011-12,2011,Kharif,Koppal,North,high,39091,204406,5229,85,1038,27.9,85,6.63,0.51,172.2,21.8,213.8,112,63,66,706,Medium,High,4,Jyothi,Direct Seeding,Drip,Mixed,142,33,No,36227,1976,103325,67098
2011-12,2011,Rabi,Koppal,North,high,32826,139018,4235,85,305,22.4,70,7.04,0.32,221.3,15.4,155.9,143,88,49,1074,Medium,High,2,MTU-1010,Transplanting,Flood Irrigation,Herbicide,136,39,No,43828,2226,94271,50443
2011-12,2011,Kharif,Mandya,South,high,88367,458978,5194,90,592,26.4,73,7.11,0.68,280.1,26.4,177.3,120,58,49,1953,High,Medium,3,MTU-1010,SRI,Sprinkler,Manual,102,21,Yes,36888,2055,106736,69848
2011-12,2011,Rabi,Mandya,South,high,21975,97744,4448,90,284,29.0,68,6.55,0.53,209.5,28.5,202.2,130,97,61,1716,Medium,Low,5,Intan,SRI,Drip,Herbicide,100,23,Yes,44341,1828,81309,36968
2011-12,2011,Kharif,Mysuru,South,medium,35102,104323,2972,70,985,29.8,66,7.29,0.62,251.7,15.4,161.4,102,51,60,770,High,Low,6,MTU-1010,Transplanting,Flood Irrigation,Herbicide,119,37,No,48887,2185,64938,16051
2011-12,2011,Rabi,Mysuru,South,medium,29311,86995,2968,70,229,24.2,69,7.02,0.71,209.6,12.0,176.7,184,97,65,1825,High,High,4,IR-64,SRI,Flood Irrigation,Herbicide,88,25,No,45654,2083,61823,16169
2011-12,2011,Kharif,Raichur,North,high,59777,293564,4911,82,1067,25.0,64,6.78,0.42,158.5,27.1,221.5,151,90,73,786,High,Low,5,IR-64,Direct Seeding,Drip,Herbicide,129,38,Yes,54104,2385,117127,63023
2011-12,2011,Rabi,Raichur,North,high,28998,117441,4050,82,213,28.9,80,7.18,0.75,250.8,20.1,226.8,184,73,48,699,Medium,Low,4,Rasi,SRI,Flood Irrigation,Mixed,122,35,Yes,42282,2163,87601,45319
2011-12,2011,Kharif,Ramanagara,South,medium,28316,92083,3252,66,714,26.2,70,6.56,0.59,219.6,12.4,108.1,181,59,60,898,High,Low,5,Intan,Direct Seeding,Drip,Manual,99,19,Yes,46228,2219,72161,25933
2011-12,2011,Rabi,Ramanagara,South,medium,22995,70502,3066,66,334,23.4,82,6.27,0.34,199.9,29.7,147.0,107,50,58,1060,Low,Low,6,MTU-1010,Transplanting,Drip,Manual,96,34,No,49070,2213,67850,18780
2011-12,2011,Kharif,Shivamogga,Central,high,73737,378270,5130,75,792,22.0,77,6.3,0.49,152.1,16.4,225.0,124,52,73,508,High,High,3,JGL-1798,SRI,Drip,Herbicide,96,18,No,51493,2402,123222,71729
2011-12,2011,Rabi,Shivamogga,Central,high,34201,125654,3674,75,123,25.0,69,6.68,0.56,228.6,18.7,203.0,117,93,61,1235,Low,Low,5,BPT-5204,Transplanting,Flood Irrigation,Mixed,96,21,Yes,54323,2316,85089,30766
2011-12,2011,Kharif,Tumakuru,South,medium,26057,68034,2611,64,1128,28.5,61,6.56,0.62,265.7,22.5,189.1,106,63,71,540,Low,High,2,Jyothi,Direct Seeding,Drip,Manual,150,23,No,40017,2010,52481,12464
2011-12,2011,Rabi,Tumakuru,South,medium,25811,72528,2810,64,104,25.0,81,6.15,0.56,243.4,24.0,162.8,113,115,76,1765,Low,Medium,2,MTU-1010,Transplanting,Drip,Manual,105,39,No,52142,2006,56368,4226
2011-12,2011,Kharif,Udupi,Coastal,medium-low,33911,86676,2556,52,702,23.6,77,6.74,0.4,290.0,16.6,100.4,185,61,37,1675,High,Medium,3,BPT-5204,SRI,Flood Irrigation,Mixed,92,23,Yes,49966,2103,53752,3786
2011-12,2011,Rabi,Udupi,Coastal,medium-low,16160,34921,2161,52,151,30.1,61,7.28,0.48,251.5,18.5,117.4,197,55,30,783,High,High,3,IR-64,Direct Seeding,Drip,Mixed,114,38,Yes,47210,2150,46461,-748
2011-12,2011,Kharif,Uttara Kannada,Coastal,medium-low,26634,54866,2060,50,809,31.6,68,7.25,0.64,221.7,18.4,232.9,121,64,38,1925,High,Low,3,BPT-5204,Direct Seeding,Sprinkler,Herbicide,136,20,No,46750,2426,49975,3225
2011-12,2011,Rabi,Uttara Kannada,Coastal,medium-low,10892,25421,2334,50,166,26.8,75,6.17,0.51,156.9,15.2,147.1,190,117,79,1680,High,High,3,Rasi,Direct Seeding,Sprinkler,Mixed,92,28,Yes,50791,2154,50274,-516
2011-12,2011,Kharif,Vijayapura,North,medium-low,46625,123416,2647,56,794,23.5,77,7.34,0.61,151.7,28.7,175.8,160,113,40,653,Medium,Medium,3,IR-64,Direct Seeding,Flood Irrigation,Mixed,108,32,No,48214,2040,53998,5784
2011-12,2011,Rabi,Vijayapura,North,medium-low,12012,27039,2251,56,393,26.5,75,6.67,0.36,224.6,23.1,115.4,152,54,65,1624,Low,Low,6,Intan,SRI,Drip,Mixed,106,35,No,46169,2172,48891,2722
2011-12,2011,Kharif,Yadgir,North,medium-low,53342,108124,2027,51,628,30.4,70,6.84,0.61,221.0,23.1,207.4,114,62,78,1849,Low,Low,4,IR-64,SRI,Drip,Mixed,146,26,Yes,36500,1968,39891,3391
2011-12,2011,Rabi,Yadgir,North,medium-low,21270,40221,1891,51,309,23.1,79,6.29,0.36,277.8,14.3,223.7,124,93,36,1348,Low,High,6,BPT-5204,Direct Seeding,Drip,Mixed,144,19,No,35142,2343,44306,9164
2012-13,2012,Kharif,Bagalkot,North,medium,49029,138654,2828,69,843,30.4,75,7.39,0.69,286.5,23.8,126.0,116,63,54,1846,High,High,4,Intan,Direct Seeding,Drip,Mixed,111,23,No,46234,2101,59416,13182
2012-13,2012,Rabi,Bagalkot,North,medium,20134,64912,3224,69,170,26.1,82,7.33,0.56,276.5,21.0,147.1,194,120,70,945,Low,Low,6,Rasi,Direct Seeding,Sprinkler,Herbicide,96,37,Yes,51511,2355,75925,24414
2012-13,2012,Kharif,Ballari,North,high,94617,453120,4789,80,1127,23.2,71,6.84,0.59,291.4,24.2,201.1,168,86,57,526,High,Low,2,Jyothi,Transplanting,Flood Irrigation,Mixed,87,21,No,40273,2093,100233,59960
2012-13,2012,Rabi,Ballari,North,high,50465,194744,3859,80,131,28.9,69,6.31,0.57,203.8,19.1,192.4,186,78,77,1825,High,Medium,3,Intan,SRI,Drip,Mixed,86,27,No,48650,2120,81810,33160
2012-13,2012,Kharif,Belagavi,North,medium-low,41470,94302,2274,58,1161,24.5,79,7.3,0.73,216.5,14.5,195.1,190,97,78,1705,High,High,6,JGL-1798,SRI,Flood Irrigation,Herbicide,137,20,Yes,41126,1977,44956,3830
2012-13,2012,Rabi,Belagavi,North,medium-low,26375,62851,2383,58,293,22.4,68,6.83,0.37,237.6,15.1,149.6,190,69,32,814,Medium,High,2,MTU-1010,SRI,Sprinkler,Mixed,118,30,No,37388,2125,50638,13250
2012-13,2012,Kharif,Bengaluru Rural,South,medium,40372,107995,2675,63,588,27.2,85,6.76,0.51,230.6,11.8,133.2,127,92,51,1238,Medium,Low,6,Intan,Direct Seeding,Sprinkler,Mixed,81,18,No,49603,2046,54730,5127
2012-13,2012,Rabi,Bengaluru Rural,South,medium,30121,82953,2754,63,224,31.6,81,7.33,0.49,269.4,12.3,138.5,192,86,31,1558,Medium,High,6,Jyothi,Direct Seeding,Flood Irrigation,Herbicide,104,25,Yes,38144,1971,54281,16137
2012-13,2012,Kharif,Bidar,North,medium-low,50553,126331,2499,54,407,28.3,66,7.01,0.69,279.7,18.5,115.6,168,105,71,647,High,High,3,BPT-5204,Direct Seeding,Sprinkler,Herbicide,84,17,Yes,36778,1982,49530,12752
2012-13,2012,Rabi,Bidar,North,medium-low,27682,57495,2077,54,136,27.7,67,7.37,0.5,217.7,18.1,147.5,149,65,64,512,High,High,6,BPT-5204,SRI,Sprinkler,Manual,89,26,Yes,44497,2108,43783,-713
2012-13,2012,Kharif,Chamarajanagar,South,medium,43704,106462,2436,60,1183,31.3,72,6.59,0.63,221.1,20.7,120.5,150,119,48,1798,Low,Medium,4,BPT-5204,SRI,Sprinkler,Manual,95,16,Yes,53766,2410,58707,4941
2012-13,2012,Rabi,Chamarajanagar,South,medium,18835,47878,2542,60,143,25.0,83,7.11,0.66,181.8,28.1,227.7,118,70,41,952,High,Medium,3,BPT-5204,Transplanting,Sprinkler,Mixed,86,39,No,53011,1874,47637,-5373
2012-13,2012,Kharif,Chikkaballapura,South,medium,30733,89248,2904,59,656,23.0,83,6.87,0.78,203.6,23.4,135.2,136,58,42,1150,Medium,Medium,4,Intan,SRI,Drip,Mixed,99,33,No,45365,2238,64991,19626
2012-13,2012,Rabi,Chikkaballapura,South,medium,13850,29625,2139,59,226,29.9,82,7.11,0.52,276.0,12.7,209.9,161,109,58,1234,Medium,Medium,6,BPT-5204,Transplanting,Sprinkler,Mixed,90,23,Yes,52649,2001,42801,-9847
2012-13,2012,Kharif,Chikkamagaluru,South,medium,29606,102703,3469,65,1041,22.8,62,7.34,0.72,244.7,26.3,186.8,198,77,32,1629,Medium,High,6,Jyothi,SRI,Flood Irrigation,Herbicide,130,22,No,39387,2275,78919,39532
2012-13,2012,Rabi,Chikkamagaluru,South,medium,21201,62521,2949,65,303,25.6,60,6.99,0.72,271.0,22.3,124.9,165,67,58,826,Low,High,6,Rasi,Transplanting,Sprinkler,Mixed,141,26,Yes,42170,2299,67797,25627
2012-13,2012,Kharif,Chitradurga,Central,medium-low,28312,66221,2339,58,778,24.3,81,6.31,0.75,204.2,19.4,168.2,105,55,71,1163,Low,High,6,Rasi,Direct Seeding,Sprinkler,Herbicide,149,33,Yes,47342,2469,57749,10407
2012-13,2012,Rabi,Chitradurga,Central,medium-low,18491,43231,2338,58,139,27.2,72,7.46,0.41,210.9,26.3,151.8,161,50,62,784,Medium,Low,3,BPT-5204,SRI,Sprinkler,Herbicide,107,19,Yes,40156,2170,50734,10578
2012-13,2012,Kharif,Dakshina Kannada,Coastal,medium-low,43518,116758,2683,55,521,28.6,73,7.22,0.66,222.2,19.6,131.6,120,102,31,999,Low,Low,6,Intan,Transplanting,Flood Irrigation,Mixed,145,16,Yes,36832,1970,52855,16023
2012-13,2012,Rabi,Dakshina Kannada,Coastal,medium-low,15831,40669,2569,55,364,31.6,79,7.45,0.62,281.8,24.6,223.2,110,77,58,1742,Medium,Medium,3,JGL-1798,Direct Seeding,Sprinkler,Manual,103,34,No,40495,2150,55233,14738
2012-13,2012,Kharif,Davanagere,Central,high,74838,346125,4625,78,470,24.3,72,6.2,0.31,228.4,28.2,202.7,119,62,41,1474,High,High,2,MTU-1010,SRI,Sprinkler,Manual,91,30,Yes,54774,2352,108780,54006
2012-13,2012,Rabi,Davanagere,Central,high,20296,92387,4552,78,320,27.2,71,7.31,0.65,214.3,28.8,172.3,198,98,52,1706,High,High,6,BPT-5204,Direct Seeding,Flood Irrigation,Herbicide,141,39,Yes,37746,2090,95136,57390
2012-13,2012,Kharif,Dharwad,North,medium,43365,149435,3446,67,818,24.6,60,7.06,0.69,236.7,12.4,101.1,183,76,74,1146,Medium,Medium,2,JGL-1798,Direct Seeding,Sprinkler,Mixed,112,23,No,53503,2174,74916,21413
2012-13,2012,Rabi,Dharwad,North,medium,23651,62036,2623,67,303,29.5,73,6.83,0.58,176.8,21.2,172.6,139,94,79,1944,Medium,High,3,MTU-1010,SRI,Flood Irrigation,Mixed,109,29,Yes,38285,2019,52958,14673
2012-13,2012,Kharif,Gadag,North,medium,39672,117349,2958,60,746,30.0,79,7.05,0.65,174.1,29.3,100.8,111,68,60,1729,Medium,Low,2,IR-64,Transplanting,Drip,Manual,84,38,No,48128,2428,71820,23692
2012-13,2012,Rabi,Gadag,North,medium,24630,68446,2779,60,129,31.5,65,6.96,0.52,180.3,23.1,220.6,136,74,32,1727,High,High,3,Intan,Transplanting,Sprinkler,Manual,126,22,Yes,40159,1888,52467,12308
2012-13,2012,Kharif,Hassan,South,medium,30127,109300,3628,68,761,28.7,72,6.88,0.56,260.5,11.4,113.5,136,94,52,1066,Low,High,3,Jyothi,Direct Seeding,Sprinkler,Manual,113,20,No,51588,1909,69258,17670
2012-13,2012,Rabi,Hassan,South,medium,22474,59601,2652,68,250,25.4,63,7.2,0.78,281.4,26.3,186.2,188,106,54,1653,Medium,Low,4,MTU-1010,Direct Seeding,Sprinkler,Herbicide,83,30,Yes,43448,1869,49565,6117
2012-13,2012,Kharif,Haveri,North,medium,34511,112609,3263,62,625,28.8,67,7.2,0.51,203.0,20.7,205.1,133,81,48,690,Medium,High,4,BPT-5204,SRI,Flood Irrigation,Herbicide,120,26,Yes,53799,2075,67707,13908
2012-13,2012,Rabi,Haveri,North,medium,14163,45604,3220,62,197,27.0,66,6.35,0.42,189.8,14.6,225.2,179,95,39,718,Low,Low,5,Intan,Transplanting,Sprinkler,Manual,141,26,No,51133,2388,76893,25760
2012-13,2012,Kharif,Kalaburagi,North,medium-low,54472,131277,2410,57,587,31.8,76,6.42,0.41,236.5,11.1,219.9,161,119,32,1529,Medium,Medium,3,Jyothi,Transplanting,Sprinkler,Mixed,138,25,Yes,35387,2490,60009,24622
2012-13,2012,Rabi,Kalaburagi,North,medium-low,14781,33345,2256,57,151,25.3,79,7.29,0.39,189.4,15.4,243.8,143,96,41,1521,Medium,Low,5,Rasi,Direct Seeding,Drip,Herbicide,115,29,Yes,53723,1934,43631,-10091
2012-13,2012,Kharif,Kodagu,South,low,42445,98175,2313,48,502,29.2,85,6.35,0.52,207.1,12.9,243.9,119,110,30,861,Medium,Medium,3,MTU-1010,SRI,Sprinkler,Mixed,120,40,No,44831,2056,47555,2724
2012-13,2012,Rabi,Kodagu,South,low,22551,49544,2197,48,124,26.0,82,6.25,0.41,188.1,26.8,114.4,195,92,46,1239,Medium,High,6,MTU-1010,Direct Seeding,Drip,Manual,132,18,No,54843,2003,44005,-10837
2012-13,2012,Kharif,Kolar,South,medium,42485,123928,2917,61,1064,27.4,84,6.43,0.46,226.6,25.5,167.0,110,98,69,1086,Medium,High,3,MTU-1010,Transplanting,Sprinkler,Herbicide,133,35,No,37337,1881,54868,17531
2012-13,2012,Rabi,Kolar,South,medium,13703,33805,2467,61,260,25.2,69,7.07,0.6,209.3,27.8,217.1,146,116,58,1347,Low,Low,2,JGL-1798,SRI,Flood Irrigation,Mixed,112,38,Yes,41900,1970,48599,6699
2012-13,2012,Kharif,Koppal,North,high,70203,299205,4262,85,465,31.4,75,6.82,0.31,209.6,25.3,112.5,133,69,35,1841,Medium,Medium,3,JGL-1798,SRI,Drip,Herbicide,96,19,Yes,35936,1835,78207,42271
2012-13,2012,Rabi,Koppal,North,high,49588,207773,4190,85,266,30.6,74,7.46,0.57,190.9,18.9,245.4,189,119,41,1710,High,Medium,6,Jyothi,SRI,Sprinkler,Mixed,148,24,No,50782,2352,98548,47766
2012-13,2012,Kharif,Mandya,South,high,56249,306275,5445,90,852,25.1,73,6.39,0.45,150.0,26.3,227.2,144,86,60,1595,Low,High,5,MTU-1010,Direct Seeding,Drip,Manual,135,40,No,54562,2036,110860,56298
2012-13,2012,Rabi,Mandya,South,high,20562,94297,4586,90,196,26.1,77,6.66,0.42,257.2,22.9,224.3,128,83,35,1364,High,Low,6,MTU-1010,SRI,Sprinkler,Mixed,114,24,No,48530,1992,91353,42823
2012-13,2012,Kharif,Mysuru,South,medium,53844,161855,3006,70,539,24.9,80,6.68,0.53,255.1,19.8,148.1,119,56,64,545,Low,Low,4,IR-64,Transplanting,Sprinkler,Herbicide,81,22,Yes,39937,1815,54558,14621
2012-13,2012,Rabi,Mysuru,South,medium,21035,60181,2861,70,315,25.1,85,6.75,0.49,254.5,10.6,112.0,196,68,33,1045,Medium,Low,6,Jyothi,Transplanting,Flood Irrigation,Herbicide,128,15,Yes,43157,2194,62770,19613
2012-13,2012,Kharif,Raichur,North,high,73973,322078,4354,82,434,24.0,83,7.16,0.56,297.3,19.5,202.2,139,91,40,1788,High,Low,6,Intan,Transplanting,Drip,Herbicide,118,21,No,36706,2482,108066,71360
2012-13,2012,Rabi,Raichur,North,high,29874,145277,4863,82,220,28.3,70,6.02,0.7,237.7,17.9,136.5,105,110,74,1721,Low,Medium,2,JGL-1798,Transplanting,Drip,Manual,123,39,Yes,36958,2164,105235,68277
2012-13,2012,Kharif,Ramanagara,South,medium,45266,123802,2735,66,949,29.9,64,6.73,0.46,233.8,22.9,152.1,156,74,31,1911,Medium,Medium,3,IR-64,Transplanting,Drip,Mixed,136,32,No,52784,2301,62932,10148
2012-13,2012,Rabi,Ramanagara,South,medium,14317,40302,2815,66,378,25.5,83,6.7,0.73,239.8,27.2,124.1,167,69,58,1105,Medium,High,4,Jyothi,Transplanting,Sprinkler,Mixed,128,38,Yes,35613,2434,68517,32904
2012-13,2012,Kharif,Shivamogga,Central,high,67497,330127,4891,75,644,25.2,62,6.99,0.57,208.1,20.5,174.6,170,69,69,1079,Medium,Medium,4,BPT-5204,Transplanting,Sprinkler,Mixed,88,16,Yes,40853,1832,89603,48750
2012-13,2012,Rabi,Shivamogga,Central,high,29180,105544,3617,75,198,23.0,78,6.96,0.49,223.5,22.5,188.5,106,96,44,1740,High,Low,2,JGL-1798,SRI,Drip,Manual,139,40,Yes,46826,2371,85759,38933
2012-13,2012,Kharif,Tumakuru,South,medium,49327,164653,3338,64,825,30.2,85,7.06,0.71,189.9,10.8,110.6,138,59,43,1563,Low,Low,3,Intan,Direct Seeding,Flood Irrigation,Manual,147,36,Yes,53678,2440,81447,27769
2012-13,2012,Rabi,Tumakuru,South,medium,14077,38345,2724,64,385,26.2,63,7.15,0.59,251.2,24.1,164.1,113,71,80,869,High,Medium,6,IR-64,SRI,Flood Irrigation,Mixed,136,26,No,53025,2132,58075,5050
2012-13,2012,Kharif,Udupi,Coastal,medium-low,53491,124847,2334,52,1182,28.3,83,6.49,0.42,231.8,17.5,182.5,195,82,53,1426,Medium,Medium,2,Rasi,Transplanting,Drip,Mixed,82,31,Yes,44890,1806,42152,-2737
2012-13,2012,Rabi,Udupi,Coastal,medium-low,16762,42106,2512,52,209,30.6,60,7.16,0.77,273.4,28.4,176.7,173,69,36,577,Medium,Medium,3,JGL-1798,Direct Seeding,Drip,Mixed,111,22,No,44840,1894,47577,2737
2012-13,2012,Kharif,Uttara Kannada,Coastal,medium-low,42224,95932,2272,50,622,29.3,83,6.49,0.54,223.2,28.0,205.4,112,88,32,1996,High,Medium,2,MTU-1010,Transplanting,Drip,Herbicide,135,28,Yes,42429,2468,56072,13643
2012-13,2012,Rabi,Uttara Kannada,Coastal,medium-low,28904,63184,2186,50,105,28.3,80,6.57,0.45,156.2,20.8,122.4,164,78,39,603,High,High,5,Jyothi,SRI,Sprinkler,Mixed,91,22,No,44495,2203,48157,3662
2012-13,2012,Kharif,Vijayapura,North,medium-low,24875,56142,2257,56,484,26.8,83,6.07,0.5,162.8,20.0,216.1,116,67,60,1645,Low,Medium,5,Rasi,SRI,Flood Irrigation,Mixed,147,22,Yes,37347,2072,46765,9418
2012-13,2012,Rabi,Vijayapura,North,medium-low,27297,61336,2247,56,394,22.9,81,6.62,0.48,178.6,16.9,198.3,198,89,40,1216,High,Medium,6,JGL-1798,Direct Seeding,Flood Irrigation,Manual,105,36,No,40111,1887,42400,2289
2012-13,2012,Kharif,Yadgir,North,medium-low,23411,58902,2516,51,648,31.5,64,7.3,0.71,152.1,23.9,116.7,157,110,31,1179,Low,High,6,JGL-1798,Transplanting,Sprinkler,Mixed,113,32,No,39631,2484,62497,22866
2012-13,2012,Rabi,Yadgir,North,medium-low,10528,21624,2054,51,369,22.4,65,6.09,0.4,254.5,15.4,169.7,101,58,54,1852,Medium,High,4,MTU-1010,Transplanting,Flood Irrigation,Herbicide,129,22,No,51663,1901,39046,-12616
2013-14,2013,Kharif,Bagalkot,North,medium,55218,171231,3101,69,1011,27.3,65,6.3,0.78,234.1,24.2,106.0,167,89,51,1503,Medium,High,3,BPT-5204,Direct Seeding,Sprinkler,Herbicide,125,35,No,42739,2313,71726,28987
2013-14,2013,Rabi,Bagalkot,North,medium,16019,51981,3245,69,231,30.8,60,7.42,0.77,183.8,16.8,158.9,117,61,76,1282,High,High,6,MTU-1010,SRI,Sprinkler,Manual,133,22,Yes,48974,2119,68761,19787
2013-14,2013,Kharif,Ballari,North,high,86226,377928,4383,80,955,23.3,80,6.21,0.57,270.0,27.3,146.3,190,117,38,1380,Low,High,6,JGL-1798,Direct Seeding,Flood Irrigation,Mixed,148,38,Yes,41033,2125,93138,52105
2013-14,2013,Rabi,Ballari,North,high,26346,117582,4463,80,263,30.8,73,7.44,0.45,261.8,26.4,195.5,194,85,39,884,Low,Low,3,BPT-5204,SRI,Sprinkler,Herbicide,109,34,Yes,42566,1826,81494,38928
2013-14,2013,Kharif,Belagavi,North,medium-low,33131,76466,2308,58,1198,26.8,76,7.27,0.53,247.4,13.7,158.1,160,67,40,895,Low,Low,5,MTU-1010,Transplanting,Drip,Herbicide,108,38,Yes,41703,1867,43090,1387
2013-14,2013,Rabi,Belagavi,North,medium-low,13862,37233,2686,58,324,30.7,75,7.03,0.73,283.1,18.6,216.4,177,98,76,1140,Medium,High,6,Intan,SRI,Sprinkler,Mixed,84,31,Yes,49798,2267,60891,11093
2013-14,2013,Kharif,Bengaluru Rural,South,medium,52101,169692,3257,63,651,27.2,72,7.48,0.32,208.1,25.3,244.4,124,87,58,1315,Medium,Medium,5,JGL-1798,Direct Seeding,Drip,Mixed,86,37,Yes,50190,2461,80154,29964
2013-14,2013,Rabi,Bengaluru Rural,South,medium,19859,46450,2339,63,356,23.1,84,6.88,0.75,232.0,17.9,148.5,103,72,59,1708,High,Low,5,BPT-5204,Direct Seeding,Drip,Mixed,100,37,Yes,37988,1916,44815,6827
2013-14,2013,Kharif,Bidar,North,medium-low,47203,115647,2450,54,771,22.9,82,6.58,0.7,226.7,29.0,156.8,148,55,79,849,Medium,High,3,JGL-1798,Transplanting,Flood Irrigation,Mixed,86,28,No,45142,2256,55272,10130
2013-14,2013,Rabi,Bidar,North,medium-low,16300,38125,2339,54,160,31.0,66,6.01,0.68,151.8,20.0,174.8,100,113,45,944,High,High,5,Jyothi,Direct Seeding,Drip,Manual,80,22,No,53269,2012,47060,-6208
2013-14,2013,Kharif,Chamarajanagar,South,medium,20546,52001,2531,60,456,28.5,61,6.22,0.32,236.7,22.1,149.7,111,56,36,1353,Low,Low,4,Intan,SRI,Sprinkler,Mixed,102,29,No,36174,1895,47962,11788
2013-14,2013,Rabi,Chamarajanagar,South,medium,26777,63756,2381,60,288,31.0,62,7.14,0.72,159.7,19.4,118.3,135,92,63,1347,High,Low,3,Intan,Transplanting,Flood Irrigation,Mixed,147,17,No,54817,2094,49858,-4958
2013-14,2013,Kharif,Chikkaballapura,South,medium,35881,102906,2868,59,724,24.6,78,7.49,0.48,169.5,21.3,178.0,180,113,61,868,High,Low,4,JGL-1798,Transplanting,Flood Irrigation,Manual,139,35,Yes,41793,2430,69692,27899
2013-14,2013,Rabi,Chikkaballapura,South,medium,19049,46803,2457,59,270,25.5,85,6.96,0.31,180.2,15.6,218.5,139,88,62,1626,Medium,Low,2,Rasi,Direct Seeding,Drip,Herbicide,83,20,Yes,45830,2146,52727,6897
2013-14,2013,Kharif,Chikkamagaluru,South,medium,45834,148456,3239,65,885,30.0,80,6.2,0.38,219.1,27.3,234.4,159,102,77,614,High,Medium,6,Rasi,SRI,Drip,Mixed,148,15,Yes,53920,2139,69282,15362
2013-14,2013,Rabi,Chikkamagaluru,South,medium,27454,91037,3316,65,281,22.7,64,6.42,0.32,297.5,22.5,226.4,173,99,41,1718,Low,Medium,4,Rasi,Transplanting,Drip,Herbicide,91,30,Yes,47176,2262,75007,27831
2013-14,2013,Kharif,Chitradurga,Central,medium-low,52200,159627,3058,58,621,27.3,65,6.17,0.69,266.7,28.3,166.6,103,111,62,815,Low,Medium,5,Rasi,SRI,Drip,Herbicide,98,39,Yes,51913,2492,76205,24292
2013-14,2013,Rabi,Chitradurga,Central,medium-low,12893,28854,2238,58,118,26.6,82,7.3,0.36,196.6,10.9,227.2,111,92,59,594,Low,High,4,BPT-5204,SRI,Drip,Mixed,106,25,Yes,41309,2093,46841,5532
2013-14,2013,Kharif,Dakshina Kannada,Coastal,medium-low,29781,76239,2560,55,1191,26.4,63,6.41,0.38,167.2,29.2,183.9,113,76,64,1217,High,Medium,4,JGL-1798,SRI,Drip,Mixed,111,20,Yes,45203,2427,62131,16928
2013-14,2013,Rabi,Dakshina Kannada,Coastal,medium-low,29479,64617,2192,55,327,22.5,60,6.71,0.64,165.9,11.1,164.0,122,107,69,1228,Medium,Medium,3,Rasi,SRI,Sprinkler,Manual,139,33,Yes,38044,2279,49955,11911
2013-14,2013,Kharif,Davanagere,Central,high,45016,200411,4452,78,1100,28.4,84,6.7,0.42,183.6,27.2,192.5,146,100,41,1932,High,Medium,4,Jyothi,Direct Seeding,Flood Irrigation,Manual,140,18,No,50684,2272,101149,50465
2013-14,2013,Rabi,Davanagere,Central,high,27450,104968,3824,78,278,28.0,64,6.76,0.5,257.1,12.1,183.4,109,88,64,1444,Medium,High,5,JGL-1798,SRI,Flood Irrigation,Mixed,100,30,No,37164,2148,82139,44975
2013-14,2013,Kharif,Dharwad,North,medium,27007,91904,3403,67,1005,26.3,73,6.85,0.47,254.1,13.5,200.4,194,112,37,1712,High,Medium,4,Intan,Transplanting,Drip,Manual,119,27,Yes,54603,1911,65031,10428
2013-14,2013,Rabi,Dharwad,North,medium,24964,77013,3085,67,294,25.3,80,6.99,0.35,272.6,27.7,235.5,181,50,78,800,High,Low,5,Intan,Direct Seeding,Drip,Mixed,137,21,Yes,45374,2106,64970,19596
2013-14,2013,Kharif,Gadag,North,medium,41689,138740,3328,60,1095,25.0,73,7.08,0.76,298.5,21.7,191.7,165,101,38,1102,Low,Medium,6,BPT-5204,Transplanting,Sprinkler,Mixed,125,18,No,36021,2040,67891,31870
2013-14,2013,Rabi,Gadag,North,medium,19422,57120,2941,60,301,28.3,82,6.57,0.49,231.8,23.2,171.2,124,99,53,1354,Low,Medium,3,JGL-1798,Transplanting,Flood Irrigation,Mixed,82,19,No,49310,1939,57025,7715
2013-14,2013,Kharif,Hassan,South,medium,21996,66119,3006,68,825,30.6,85,7.04,0.77,243.5,19.1,163.6,157,99,52,962,Low,Medium,6,BPT-5204,SRI,Drip,Mixed,110,37,No,48462,2359,70911,22449
2013-14,2013,Rabi,Hassan,South,medium,22580,66204,2932,68,119,27.7,82,6.55,0.59,294.3,11.6,209.5,167,85,59,1558,Low,High,6,BPT-5204,Transplanting,Drip,Mixed,89,36,No,36729,2151,63067,26338
2013-14,2013,Kharif,Haveri,North,medium,40259,137403,3413,62,880,26.5,75,6.86,0.47,202.9,29.6,144.2,121,54,74,1723,High,Medium,6,IR-64,Transplanting,Sprinkler,Herbicide,101,33,Yes,44560,2439,83243,38683
2013-14,2013,Rabi,Haveri,North,medium,10591,28394,2681,62,142,23.3,62,7.28,0.44,169.9,15.6,228.7,101,64,68,857,High,High,3,Rasi,Direct Seeding,Drip,Manual,113,40,Yes,50889,1985,53217,2328
2013-14,2013,Kharif,Kalaburagi,North,medium-low,50979,133412,2617,57,433,25.4,62,7.45,0.6,273.3,26.8,212.9,152,99,45,1853,Medium,High,3,JGL-1798,SRI,Sprinkler,Herbicide,86,35,No,38800,1853,48493,9693
2013-14,2013,Rabi,Kalaburagi,North,medium-low,13654,31813,2330,57,343,25.0,83,7.42,0.76,185.0,23.7,158.5,133,68,63,1390,Low,Medium,5,Jyothi,SRI,Drip,Mixed,85,18,No,49148,2425,56502,7354
2013-14,2013,Kharif,Kodagu,South,low,45006,109769,2439,48,743,24.7,85,6.15,0.63,208.7,25.5,212.4,193,74,63,1191,High,High,3,IR-64,SRI,Flood Irrigation,Mixed,81,17,Yes,48475,1900,46341,-2134
2013-14,2013,Rabi,Kodagu,South,low,21464,38034,1772,48,328,25.5,83,6.42,0.4,153.6,11.8,240.8,184,77,68,1806,Low,High,2,BPT-5204,SRI,Flood Irrigation,Herbicide,103,18,Yes,43301,2101,37229,-6071
2013-14,2013,Kharif,Kolar,South,medium,37499,112646,3004,61,477,28.4,68,7.15,0.65,250.1,25.4,138.6,199,59,47,627,Medium,Medium,4,BPT-5204,Direct Seeding,Drip,Manual,136,17,No,41575,2424,72816,31241
2013-14,2013,Rabi,Kolar,South,medium,18568,43746,2356,61,351,23.1,77,7.15,0.41,246.5,28.3,207.3,113,54,34,644,High,High,4,MTU-1010,Direct Seeding,Flood Irrigation,Herbicide,99,35,Yes,36239,2480,58428,22189
2013-14,2013,Kharif,Koppal,North,high,68797,310412,4512,85,1116,25.3,72,6.86,0.56,291.0,19.8,165.4,193,58,64,962,Low,Medium,5,BPT-5204,SRI,Sprinkler,Herbicide,122,36,No,48127,1856,83742,35615
2013-14,2013,Rabi,Koppal,North,high,47604,239781,5037,85,146,25.7,70,6.12,0.53,265.0,23.0,126.5,105,99,72,891,Medium,High,5,BPT-5204,SRI,Sprinkler,Herbicide,142,17,No,41208,1943,97868,56660
2013-14,2013,Kharif,Mandya,South,high,40021,182175,4552,90,1137,32.0,67,6.73,0.33,231.1,16.2,180.1,157,52,32,1194,Low,Medium,2,Jyothi,Transplanting,Flood Irrigation,Mixed,146,29,Yes,53984,2038,92769,38785
2013-14,2013,Rabi,Mandya,South,high,23137,90558,3914,90,172,26.9,60,6.71,0.76,156.9,24.0,119.6,122,56,49,699,Medium,High,3,MTU-1010,SRI,Flood Irrigation,Manual,94,30,Yes,37067,2007,78553,41486
2013-14,2013,Kharif,Mysuru,South,medium,35847,118115,3295,70,1155,28.8,70,6.18,0.64,231.9,16.4,244.7,127,55,67,855,Medium,Low,2,IR-64,Transplanting,Drip,Manual,127,32,Yes,49374,2049,67514,18140
2013-14,2013,Rabi,Mysuru,South,medium,22703,61593,2713,70,151,29.9,80,6.92,0.69,152.3,19.7,101.0,122,61,75,1834,High,Medium,5,Rasi,Direct Seeding,Sprinkler,Manual,106,19,No,52140,2261,61340,9200
2013-14,2013,Kharif,Raichur,North,high,70544,307430,4358,82,578,28.1,61,6.89,0.66,241.8,11.8,224.0,138,94,56,509,High,Low,3,BPT-5204,SRI,Flood Irrigation,Mixed,126,39,Yes,50211,2441,106378,56167
2013-14,2013,Rabi,Raichur,North,high,48785,190700,3909,82,127,23.9,85,6.22,0.72,286.7,20.0,124.0,105,56,71,1245,Medium,Low,5,IR-64,Direct Seeding,Sprinkler,Herbicide,85,18,Yes,52608,1980,77398,24790
2013-14,2013,Kharif,Ramanagara,South,medium,24971,82878,3319,66,896,27.1,62,7.34,0.66,238.9,16.5,129.8,186,91,44,725,Medium,Low,2,JGL-1798,SRI,Drip,Manual,128,22,Yes,50433,2399,79622,29189
2013-14,2013,Rabi,Ramanagara,South,medium,20573,49642,2413,66,323,23.4,79,6.68,0.49,170.5,24.4,194.8,134,75,51,760,Low,High,6,BPT-5204,Direct Seeding,Flood Irrigation,Manual,139,29,No,40609,2151,51903,11294
2013-14,2013,Kharif,Shivamogga,Central,high,54958,277757,5054,75,1018,23.6,85,6.96,0.61,175.5,29.4,228.3,111,102,63,1501,Low,High,5,MTU-1010,Direct Seeding,Drip,Manual,134,38,Yes,43120,2135,107902,64782
2013-14,2013,Rabi,Shivamogga,Central,high,38956,163809,4205,75,176,31.1,60,6.63,0.32,298.7,24.7,175.6,154,117,55,1481,High,Low,5,Jyothi,Transplanting,Flood Irrigation,Mixed,81,37,No,42143,1935,81366,39223
2013-14,2013,Kharif,Tumakuru,South,medium,33098,92409,2792,64,1063,32.0,60,6.72,0.45,255.5,27.2,212.1,103,108,59,783,High,Medium,3,MTU-1010,Direct Seeding,Sprinkler,Herbicide,80,35,Yes,47611,2140,59748,12137
2013-14,2013,Rabi,Tumakuru,South,medium,21588,50170,2324,64,318,29.5,82,7.42,0.57,269.2,25.8,112.1,142,57,62,1881,Medium,Low,2,Jyothi,Direct Seeding,Drip,Mixed,85,26,No,40743,2463,57240,16497
2013-14,2013,Kharif,Udupi,Coastal,medium-low,41224,106646,2587,52,974,29.1,66,6.21,0.47,230.9,23.0,210.6,196,76,78,961,Medium,Medium,4,Intan,SRI,Drip,Herbicide,86,17,No,46312,2263,58543,12231
2013-14,2013,Rabi,Udupi,Coastal,medium-low,20612,45655,2215,52,162,26.7,77,7.02,0.57,193.8,22.4,220.0,188,58,42,1437,Low,Low,5,JGL-1798,Direct Seeding,Flood Irrigation,Manual,101,23,Yes,39848,2308,51122,11274
2013-14,2013,Kharif,Uttara Kannada,Coastal,medium-low,24666,64501,2615,50,933,31.5,60,6.44,0.78,231.2,12.6,152.0,156,52,48,887,Low,Low,3,MTU-1010,SRI,Sprinkler,Herbicide,132,33,No,45692,2297,60066,14374
2013-14,2013,Rabi,Uttara Kannada,Coastal,medium-low,22952,51435,2241,50,371,30.4,74,6.69,0.58,284.7,16.1,218.4,129,111,53,1090,Low,Low,4,IR-64,Direct Seeding,Flood Irrigation,Mixed,100,37,No,40972,1979,44349,3377
2013-14,2013,Kharif,Vijayapura,North,medium-low,52600,142072,2701,56,1082,29.9,65,6.36,0.32,197.5,12.5,139.1,123,76,65,1948,Low,High,4,IR-64,Transplanting,Drip,Herbicide,149,20,No,38980,1825,49293,10313
2013-14,2013,Rabi,Vijayapura,North,medium-low,18829,48955,2600,56,174,31.5,70,6.23,0.79,231.9,20.1,197.1,137,110,48,1674,High,Low,6,Rasi,Direct Seeding,Drip,Mixed,94,38,No,36313,1942,50492,14179
2013-14,2013,Kharif,Yadgir,North,medium-low,46057,110582,2401,51,715,22.2,79,7.26,0.52,163.9,11.1,196.2,174,117,44,1069,Low,Low,2,Intan,Direct Seeding,Sprinkler,Mixed,91,31,No,41371,2302,55271,13900
2013-14,2013,Rabi,Yadgir,North,medium-low,16934,37441,2211,51,361,31.4,81,6.54,0.37,278.1,17.4,155.9,136,94,52,1130,Medium,High,2,JGL-1798,SRI,Drip,Mixed,133,40,No,44457,1967,43490,-966
2014-15,2014,Kharif,Bagalkot,North,medium,50590,177823,3515,69,834,29.3,73,6.21,0.59,162.9,14.2,171.2,167,92,34,1709,Medium,Low,2,Jyothi,SRI,Drip,Herbicide,102,32,No,53609,1940,68191,14582
2014-15,2014,Rabi,Bagalkot,North,medium,14165,38429,2713,69,295,24.9,75,6.06,0.71,275.2,16.1,183.9,159,78,31,505,Low,Medium,4,Rasi,SRI,Drip,Manual,116,28,Yes,51118,2460,66739,15621
2014-15,2014,Kharif,Ballari,North,high,56258,224300,3987,80,1183,24.8,62,6.9,0.48,222.1,18.7,138.7,187,110,74,744,Medium,High,6,BPT-5204,Direct Seeding,Flood Irrigation,Mixed,87,19,No,50107,1938,77268,27161
2014-15,2014,Rabi,Ballari,North,high,35150,132902,3781,80,239,25.6,80,7.37,0.48,193.5,20.6,240.4,165,74,79,1786,Low,Low,6,MTU-1010,Transplanting,Sprinkler,Herbicide,120,36,No,43895,2171,82085,38190
2014-15,2014,Kharif,Belagavi,North,medium-low,22166,59294,2675,58,760,30.2,60,6.21,0.44,266.8,18.2,238.1,120,63,43,816,High,Low,3,MTU-1010,SRI,Sprinkler,Mixed,147,32,Yes,48675,2271,60749,12074
2014-15,2014,Rabi,Belagavi,North,medium-low,11516,24586,2135,58,167,31.2,75,6.52,0.65,170.9,18.8,248.1,166,93,41,1953,Medium,Low,2,JGL-1798,Transplanting,Sprinkler,Manual,109,24,Yes,41876,1933,41269,-606
2014-15,2014,Kharif,Bengaluru Rural,South,medium,21476,61893,2882,63,1181,29.8,62,6.03,0.54,214.7,13.9,104.9,184,115,67,621,Medium,Low,4,BPT-5204,Transplanting,Drip,Mixed,81,39,Yes,39056,2416,69629,30573
2014-15,2014,Rabi,Bengaluru Rural,South,medium,14298,39190,2741,63,202,23.8,71,6.04,0.37,261.9,15.5,187.0,145,70,62,1992,High,Low,6,Intan,Transplanting,Flood Irrigation,Mixed,81,31,Yes,41276,2088,57232,15956
2014-15,2014,Kharif,Bidar,North,medium-low,25207,70428,2794,54,950,22.0,83,6.15,0.41,225.6,24.2,155.0,175,73,58,1879,Low,Low,4,Jyothi,Direct Seeding,Flood Irrigation,Mixed,109,28,Yes,45298,1926,53812,8514
2014-15,2014,Rabi,Bidar,North,medium-low,19915,40108,2014,54,169,27.0,71,7.06,0.58,156.1,16.6,117.4,136,108,68,1138,High,Medium,3,Intan,Direct Seeding,Drip,Herbicide,104,17,No,47040,1983,39937,-7102
2014-15,2014,Kharif,Chamarajanagar,South,medium,18839,60529,3213,60,903,28.7,72,6.66,0.63,162.8,12.9,160.1,175,63,77,845,Low,Medium,3,IR-64,Transplanting,Sprinkler,Herbicide,95,22,No,51354,2085,66991,15637
2014-15,2014,Rabi,Chamarajanagar,South,medium,26359,71248,2703,60,397,27.9,84,7.18,0.62,210.0,19.5,190.5,151,112,62,1071,Low,Medium,2,BPT-5204,Direct Seeding,Drip,Herbicide,109,35,Yes,35973,1901,51384,15411
2014-15,2014,Kharif,Chikkaballapura,South,medium,47872,116281,2429,59,469,27.0,60,7.46,0.49,251.9,13.1,193.3,112,59,72,1564,Medium,Medium,3,IR-64,SRI,Drip,Herbicide,144,23,No,52712,2359,57300,4588
2014-15,2014,Rabi,Chikkaballapura,South,medium,10250,29407,2869,59,116,31.9,63,6.58,0.46,206.5,19.2,104.9,171,88,75,836,Medium,Medium,3,IR-64,SRI,Drip,Herbicide,94,33,No,53146,2352,67478,14332
2014-15,2014,Kharif,Chikkamagaluru,South,medium,41242,133830,3245,65,975,30.5,76,6.08,0.43,238.7,17.6,201.5,198,86,50,625,Low,High,2,JGL-1798,Direct Seeding,Drip,Mixed,83,39,No,47470,1899,61622,14152
2014-15,2014,Rabi,Chikkamagaluru,South,medium,19100,54148,2835,65,282,26.1,61,6.99,0.42,247.2,21.9,236.6,108,89,37,1191,Low,Low,6,IR-64,Transplanting,Drip,Mixed,134,33,No,43736,1820,51597,7861
2014-15,2014,Kharif,Chitradurga,Central,medium-low,46196,124359,2692,58,422,31.9,72,6.86,0.46,164.7,19.8,203.6,126,93,61,1529,High,Medium,3,Intan,Direct Seeding,Drip,Herbicide,105,30,Yes,52558,2019,54351,1793
2014-15,2014,Rabi,Chitradurga,Central,medium-low,16065,36885,2296,58,252,32.0,72,7.21,0.61,293.7,24.4,186.7,175,93,47,637,High,High,5,Jyothi,Transplanting,Drip,Manual,118,31,No,49185,2479,56917,7732
2014-15,2014,Kharif,Dakshina Kannada,Coastal,medium-low,39950,96399,2413,55,824,26.0,79,6.77,0.64,232.1,27.6,194.2,166,73,66,1522,Low,High,5,IR-64,SRI,Sprinkler,Mixed,135,33,Yes,52113,2005,48380,-3732
2014-15,2014,Rabi,Dakshina Kannada,Coastal,medium-low,17723,40585,2290,55,223,23.5,81,7.15,0.72,211.5,27.2,236.7,181,76,56,1046,Medium,High,3,IR-64,SRI,Sprinkler,Manual,131,22,Yes,39913,1996,45708,5795
2014-15,2014,Kharif,Davanagere,Central,high,38877,162739,4186,78,717,26.6,77,7.49,0.51,285.8,14.0,140.9,103,83,80,1068,High,High,3,Rasi,Transplanting,Sprinkler,Herbicide,82,16,Yes,45286,2416,101133,55847
2014-15,2014,Rabi,Davanagere,Central,high,32589,148149,4546,78,308,31.0,81,6.99,0.35,291.5,24.5,121.1,114,114,37,1568,High,High,6,IR-64,Direct Seeding,Flood Irrigation,Manual,95,39,No,45790,2398,109013,63223
2014-15,2014,Kharif,Dharwad,North,medium,47849,144934,3029,67,1166,29.4,73,6.33,0.35,182.1,15.5,161.3,175,57,61,1592,Medium,High,2,IR-64,SRI,Drip,Herbicide,111,23,Yes,46894,2286,69242,22348
2014-15,2014,Rabi,Dharwad,North,medium,25300,69069,2730,67,257,22.2,79,6.05,0.67,269.8,11.1,237.6,185,80,46,1631,Medium,Medium,4,MTU-1010,SRI,Flood Irrigation,Mixed,110,29,No,35257,2202,60114,24857
2014-15,2014,Kharif,Gadag,North,medium,28561,82769,2898,60,1174,24.4,66,7.29,0.38,215.8,16.3,221.8,182,102,80,569,Medium,Low,5,Jyothi,SRI,Drip,Herbicide,134,18,Yes,43551,2318,67175,23624
2014-15,2014,Rabi,Gadag,North,medium,11300,30182,2671,60,380,29.4,74,7.04,0.68,246.2,13.7,166.5,182,67,30,1320,Low,High,4,IR-64,SRI,Flood Irrigation,Manual,100,22,Yes,54464,2220,59296,4832
2014-15,2014,Kharif,Hassan,South,medium,50068,191109,3817,68,862,26.8,83,6.2,0.39,239.0,16.6,142.3,110,103,53,872,Medium,Medium,6,JGL-1798,Transplanting,Flood Irrigation,Mixed,109,17,No,41496,2068,78935,37439
2014-15,2014,Rabi,Hassan,South,medium,24989,84512,3382,68,125,26.0,73,6.9,0.37,293.7,13.4,185.1,101,117,57,1429,High,Medium,2,JGL-1798,SRI,Flood Irrigation,Manual,114,24,No,47519,1933,65374,17855
2014-15,2014,Kharif,Haveri,North,medium,35600,124600,3500,62,1014,24.2,69,7.09,0.39,177.1,25.8,104.3,133,80,69,1423,Low,Medium,6,Rasi,SRI,Drip,Manual,81,30,Yes,45592,2207,77245,31653
2014-15,2014,Rabi,Haveri,North,medium,24678,64977,2633,62,296,29.1,83,6.9,0.34,233.5,11.0,239.7,160,95,68,1873,High,High,2,BPT-5204,Direct Seeding,Sprinkler,Mixed,128,24,No,47153,1935,50948,3795
2014-15,2014,Kharif,Kalaburagi,North,medium-low,54055,143570,2656,57,994,23.8,65,6.76,0.77,281.7,12.6,147.6,167,105,39,1033,Low,Medium,2,JGL-1798,Direct Seeding,Drip,Mixed,126,28,No,43625,2427,64461,20836
2014-15,2014,Rabi,Kalaburagi,North,medium-low,27756,70777,2550,57,235,27.2,73,7.34,0.46,299.2,25.3,122.7,184,106,33,886,Low,Low,3,JGL-1798,Transplanting,Drip,Herbicide,100,37,No,49300,1918,48909,-391
2014-15,2014,Kharif,Kodagu,South,low,54174,135326,2498,48,441,26.4,82,6.84,0.53,166.9,24.4,122.2,144,61,43,1081,Low,Low,6,MTU-1010,Direct Seeding,Sprinkler,Mixed,107,33,Yes,52236,2384,59552,7316
2014-15,2014,Rabi,Kodagu,South,low,13762,27097,1969,48,139,24.5,75,7.02,0.74,153.9,23.6,202.1,150,97,67,717,Medium,Low,2,BPT-5204,Direct Seeding,Sprinkler,Mixed,141,29,No,54470,2473,48693,-5776
2014-15,2014,Kharif,Kolar,South,medium,18561,50857,2740,61,444,28.6,74,6.49,0.67,260.1,29.1,185.4,127,56,71,1079,Medium,Low,2,Intan,SRI,Drip,Manual,131,23,Yes,42866,2208,60499,17633
2014-15,2014,Rabi,Kolar,South,medium,11792,26532,2250,61,206,23.6,84,6.6,0.62,293.2,13.1,144.8,155,89,73,1735,Low,Medium,2,MTU-1010,Direct Seeding,Sprinkler,Manual,142,29,No,50611,2074,46665,-3946
2014-15,2014,Kharif,Koppal,North,high,81751,409327,5007,85,492,29.6,85,6.55,0.39,244.6,11.9,177.0,159,78,71,1905,High,Low,5,Intan,SRI,Sprinkler,Mixed,90,24,No,49331,1881,94181,44850
2014-15,2014,Rabi,Koppal,North,high,40335,167269,4147,85,165,28.8,69,7.26,0.56,194.3,11.0,111.5,105,115,36,1545,Medium,Medium,2,Jyothi,SRI,Sprinkler,Mixed,112,26,No,54187,1883,78088,23901
2014-15,2014,Kharif,Mandya,South,high,76976,331381,4305,90,1158,28.6,65,7.18,0.72,156.8,18.3,205.7,140,108,78,1872,Medium,High,4,IR-64,Transplanting,Flood Irrigation,Manual,90,38,No,38484,2244,96604,58120
2014-15,2014,Rabi,Mandya,South,high,42782,167020,3904,90,302,23.2,65,6.98,0.53,210.8,23.2,211.6,192,112,49,1766,High,Medium,5,MTU-1010,Direct Seeding,Flood Irrigation,Manual,97,15,Yes,38667,1816,70896,32229
2014-15,2014,Kharif,Mysuru,South,medium,46199,182809,3957,70,427,24.1,80,6.22,0.42,276.3,27.2,180.8,111,88,79,1449,Low,Medium,5,BPT-5204,Transplanting,Flood Irrigation,Manual,136,30,No,35643,2260,89428,53785
2014-15,2014,Rabi,Mysuru,South,medium,22487,65549,2915,70,250,27.7,72,6.08,0.3,244.6,24.3,246.9,163,120,48,575,Medium,Medium,5,Intan,SRI,Sprinkler,Mixed,142,22,Yes,52311,1819,53023,712
2014-15,2014,Kharif,Raichur,North,high,70454,341349,4845,82,966,22.6,80,6.63,0.54,224.2,28.8,152.0,189,105,31,830,Medium,High,3,Jyothi,Direct Seeding,Drip,Manual,144,22,No,54729,2472,119768,65039
2014-15,2014,Rabi,Raichur,North,high,39940,152850,3827,82,250,29.2,72,7.44,0.72,251.0,24.7,219.4,120,76,48,1914,High,Low,5,JGL-1798,Transplanting,Flood Irrigation,Manual,142,18,No,51178,2110,80749,29571
2014-15,2014,Kharif,Ramanagara,South,medium,27727,78051,2815,66,448,32.0,71,7.32,0.48,173.8,26.6,234.2,104,58,51,1381,Low,High,3,BPT-5204,SRI,Flood Irrigation,Herbicide,113,25,No,36529,2370,66715,30186
2014-15,2014,Rabi,Ramanagara,South,medium,15637,48693,3114,66,363,28.0,63,7.06,0.76,215.7,19.1,226.2,114,63,80,1750,High,Low,6,BPT-5204,SRI,Flood Irrigation,Manual,95,21,No,40145,2099,65362,25217
2014-15,2014,Kharif,Shivamogga,Central,high,93372,417559,4472,75,918,27.0,63,6.23,0.48,272.9,12.5,130.3,153,50,45,1470,Medium,Medium,6,JGL-1798,Transplanting,Drip,Herbicide,133,26,Yes,39967,2342,104734,64767
2014-15,2014,Rabi,Shivamogga,Central,high,37924,169634,4473,75,170,30.0,73,7.38,0.75,292.8,20.3,202.3,103,106,39,520,High,High,2,BPT-5204,Direct Seeding,Drip,Herbicide,101,28,Yes,47886,1837,82169,34283
2014-15,2014,Kharif,Tumakuru,South,medium,44764,150138,3354,64,554,31.0,61,7.47,0.79,269.9,27.5,245.9,153,101,73,1935,High,Medium,4,IR-64,Transplanting,Drip,Mixed,98,37,No,49620,2459,82474,32854
2014-15,2014,Rabi,Tumakuru,South,medium,14291,43073,3014,64,326,29.0,85,7.17,0.5,179.6,16.0,105.5,142,99,76,1972,High,Low,6,Intan,Direct Seeding,Flood Irrigation,Manual,145,32,No,52083,2148,64740,12657
2014-15,2014,Kharif,Udupi,Coastal,medium-low,48642,124183,2553,52,423,22.3,85,6.81,0.43,274.8,16.1,163.4,164,64,76,622,Medium,Medium,6,IR-64,Transplanting,Flood Irrigation,Mixed,95,29,No,53757,1805,46081,-7675
2014-15,2014,Rabi,Udupi,Coastal,medium-low,19639,41732,2125,52,220,30.1,78,6.85,0.75,244.2,20.7,189.3,144,88,48,1865,High,High,3,Rasi,Direct Seeding,Sprinkler,Mixed,111,18,No,51923,2396,50915,-1008
2014-15,2014,Kharif,Uttara Kannada,Coastal,medium-low,26039,67545,2594,50,769,26.5,64,7.07,0.71,162.3,11.2,233.3,160,77,58,659,Medium,High,6,Jyothi,SRI,Sprinkler,Mixed,130,23,No,48874,2250,58365,9491
2014-15,2014,Rabi,Uttara Kannada,Coastal,medium-low,24725,59859,2421,50,350,29.3,73,7.24,0.37,169.1,24.2,119.4,190,115,63,741,High,Low,5,Jyothi,Transplanting,Sprinkler,Manual,127,18,No,38615,1923,46555,7940
2014-15,2014,Kharif,Vijayapura,North,medium-low,33127,86593,2614,56,441,27.2,63,6.56,0.8,195.5,19.7,218.7,118,103,33,1124,Medium,Low,3,MTU-1010,SRI,Drip,Manual,95,32,No,37213,1845,48228,11015
2014-15,2014,Rabi,Vijayapura,North,medium-low,18873,43615,2311,56,258,27.7,70,7.17,0.54,258.0,22.1,214.3,164,108,78,1421,High,Medium,3,MTU-1010,SRI,Drip,Manual,132,27,Yes,47956,2147,49617,1661
2014-15,2014,Kharif,Yadgir,North,medium-low,39991,82621,2066,51,1086,30.9,83,6.42,0.34,174.8,10.5,194.5,198,89,65,1821,Low,High,6,BPT-5204,Transplanting,Sprinkler,Mixed,86,33,Yes,50592,2314,47807,-2784
2014-15,2014,Rabi,Yadgir,North,medium-low,29206,54323,1860,51,372,23.8,60,6.41,0.4,274.5,26.8,186.9,110,118,68,1156,Medium,High,2,Jyothi,Transplanting,Drip,Herbicide,103,28,Yes,52298,2124,39506,-12791
2015-16,2015,Kharif,Bagalkot,North,medium,33195,102074,3075,69,517,31.8,77,6.25,0.37,188.3,11.8,146.0,152,71,33,1758,Medium,Low,2,Rasi,Transplanting,Drip,Herbicide,92,25,Yes,48527,2131,65528,17001
2015-16,2015,Rabi,Bagalkot,North,medium,15233,44084,2894,69,161,22.5,67,7.13,0.59,223.9,25.0,157.8,114,84,33,1151,Medium,High,5,BPT-5204,Direct Seeding,Flood Irrigation,Herbicide,109,15,No,53155,2400,69456,16301
2015-16,2015,Kharif,Ballari,North,high,89566,367399,4102,80,1181,27.5,85,6.19,0.58,216.9,26.9,175.1,200,68,53,1606,Low,Low,6,Jyothi,SRI,Drip,Manual,80,29,No,40484,1800,73836,33352
2015-16,2015,Rabi,Ballari,North,high,22049,104710,4749,80,346,24.7,68,7.26,0.49,202.7,22.6,187.8,165,86,32,830,High,High,6,BPT-5204,Direct Seeding,Flood Irrigation,Herbicide,95,19,No,49154,2015,95692,46538
2015-16,2015,Kharif,Belagavi,North,medium-low,42226,112616,2667,58,725,30.8,70,6.95,0.79,256.2,15.5,199.3,141,93,43,1441,High,Medium,2,Rasi,Transplanting,Sprinkler,Manual,140,15,Yes,40686,2223,59287,18601
2015-16,2015,Rabi,Belagavi,North,medium-low,21574,58120,2694,58,350,29.6,77,6.12,0.74,247.7,20.8,233.9,185,106,73,752,Medium,Medium,6,IR-64,Direct Seeding,Flood Irrigation,Mixed,81,18,No,47139,1997,53799,6660
2015-16,2015,Kharif,Bengaluru Rural,South,medium,35669,90563,2539,63,1160,22.2,68,7.02,0.65,178.7,26.3,193.8,191,78,44,1511,Medium,Low,4,Jyothi,SRI,Sprinkler,Mixed,106,15,Yes,47978,1913,48571,593
2015-16,2015,Rabi,Bengaluru Rural,South,medium,28260,71045,2514,63,356,26.9,77,6.29,0.67,250.8,22.1,126.3,175,66,77,633,Low,Medium,6,MTU-1010,Transplanting,Sprinkler,Mixed,115,21,Yes,52463,2429,61065,8602
2015-16,2015,Kharif,Bidar,North,medium-low,28093,74390,2648,54,864,22.0,73,6.96,0.77,157.8,28.8,164.9,152,85,37,1892,High,Medium,5,IR-64,SRI,Flood Irrigation,Mixed,108,16,No,48764,2345,62095,13331
2015-16,2015,Rabi,Bidar,North,medium-low,19298,41760,2164,54,300,23.9,62,7.32,0.7,298.5,14.5,203.4,109,81,42,836,Medium,Medium,2,Rasi,SRI,Flood Irrigation,Manual,141,28,Yes,54416,2441,52823,-1592
2015-16,2015,Kharif,Chamarajanagar,South,medium,31310,96998,3098,60,653,23.1,67,7.44,0.72,273.2,20.4,135.5,109,106,78,695,High,Medium,6,BPT-5204,Transplanting,Flood Irrigation,Manual,128,25,Yes,39179,1863,57715,18536
2015-16,2015,Rabi,Chamarajanagar,South,medium,26822,67484,2516,60,254,28.1,73,6.1,0.64,233.9,15.9,157.2,112,102,44,1727,High,High,2,Jyothi,Direct Seeding,Drip,Herbicide,92,25,Yes,49879,2329,58597,8718
2015-16,2015,Kharif,Chikkaballapura,South,medium,31068,89506,2881,59,510,23.0,79,7.07,0.6,276.1,28.1,118.9,165,82,52,1362,Medium,High,6,Jyothi,Transplanting,Flood Irrigation,Manual,85,16,Yes,45212,2398,69086,23874
2015-16,2015,Rabi,Chikkaballapura,South,medium,19020,48691,2560,59,283,25.1,77,7.16,0.37,196.3,16.9,155.3,101,116,67,1846,High,Low,2,JGL-1798,SRI,Sprinkler,Manual,134,26,Yes,41565,2455,62848,21283
2015-16,2015,Kharif,Chikkamagaluru,South,medium,54008,162186,3003,65,470,25.4,81,6.71,0.65,220.1,23.8,227.8,172,92,69,1113,Medium,Medium,3,BPT-5204,Direct Seeding,Flood Irrigation,Herbicide,108,15,Yes,42545,2277,68378,25833
2015-16,2015,Rabi,Chikkamagaluru,South,medium,23024,62970,2735,65,346,29.3,70,7.21,0.49,210.0,26.5,101.0,101,59,52,561,High,Low,3,IR-64,Direct Seeding,Flood Irrigation,Mixed,126,16,Yes,41524,2002,54754,13230
2015-16,2015,Kharif,Chitradurga,Central,medium-low,29325,72520,2473,58,668,29.2,70,7.27,0.42,179.4,13.5,139.3,112,52,73,781,Medium,High,2,IR-64,Transplanting,Drip,Herbicide,110,26,No,40615,2339,57843,17228
2015-16,2015,Rabi,Chitradurga,Central,medium-low,26751,75865,2836,58,322,30.8,62,6.18,0.74,169.6,13.8,179.9,188,97,50,1727,Medium,High,3,BPT-5204,SRI,Sprinkler,Manual,148,24,Yes,45737,2053,58223,12486
2015-16,2015,Kharif,Dakshina Kannada,Coastal,medium-low,20200,53772,2662,55,686,30.7,76,7.45,0.74,181.4,11.6,170.6,184,58,40,1541,Medium,High,6,IR-64,Direct Seeding,Sprinkler,Herbicide,102,25,No,52218,2294,61066,8848
2015-16,2015,Rabi,Dakshina Kannada,Coastal,medium-low,24976,65861,2637,55,342,24.7,72,6.96,0.7,247.5,14.1,234.2,157,80,55,947,Medium,Medium,5,Intan,Transplanting,Drip,Herbicide,150,17,Yes,37753,2102,55429,17676
2015-16,2015,Kharif,Davanagere,Central,high,71334,325711,4566,78,635,27.8,74,6.77,0.47,217.7,18.7,155.1,163,90,47,1283,Low,Low,5,JGL-1798,Direct Seeding,Sprinkler,Manual,125,17,No,51441,2325,106159,54718
2015-16,2015,Rabi,Davanagere,Central,high,42759,183478,4291,78,241,31.3,63,6.18,0.48,231.9,16.7,201.3,132,88,77,1899,Medium,Low,6,JGL-1798,SRI,Sprinkler,Mixed,113,15,No,44235,2154,92428,48193
2015-16,2015,Kharif,Dharwad,North,medium,49052,176636,3601,67,815,30.2,84,6.98,0.54,226.9,25.2,122.4,150,79,44,1981,High,Low,5,JGL-1798,SRI,Sprinkler,Mixed,139,38,No,46162,1887,67950,21788
2015-16,2015,Rabi,Dharwad,North,medium,16407,51534,3141,67,319,29.7,82,6.63,0.52,277.9,10.6,120.8,116,89,77,519,Medium,High,4,IR-64,Transplanting,Drip,Herbicide,131,39,No,45684,2401,75415,29731
2015-16,2015,Kharif,Gadag,North,medium,19013,59947,3153,60,432,31.2,64,7.47,0.8,235.2,26.0,237.1,173,100,54,918,Medium,Low,6,Jyothi,Transplanting,Drip,Manual,122,33,No,44982,1895,59749,14767
2015-16,2015,Rabi,Gadag,North,medium,13392,33265,2484,60,383,23.8,82,6.91,0.31,179.8,28.2,157.9,126,79,48,1850,High,Low,5,BPT-5204,Direct Seeding,Sprinkler,Manual,101,25,No,47815,1960,48686,871
2015-16,2015,Kharif,Hassan,South,medium,22471,68042,3028,68,828,26.8,62,6.58,0.75,181.0,27.4,146.5,190,110,40,1736,High,Medium,6,JGL-1798,SRI,Sprinkler,Mixed,138,23,Yes,35243,1946,58924,23681
2015-16,2015,Rabi,Hassan,South,medium,19231,51731,2690,68,304,28.0,67,6.79,0.76,281.9,19.2,186.4,194,61,48,1823,Medium,Medium,4,Jyothi,SRI,Flood Irrigation,Herbicide,111,20,No,50002,2193,58991,8989
2015-16,2015,Kharif,Haveri,North,medium,54102,180267,3332,62,1115,27.7,72,7.05,0.32,282.8,13.2,232.4,168,87,72,636,High,High,3,Jyothi,Direct Seeding,Sprinkler,Manual,127,17,Yes,51528,2133,71071,19543
2015-16,2015,Rabi,Haveri,North,medium,18473,52611,2848,62,229,24.1,61,6.69,0.34,254.2,25.0,157.2,195,101,42,1312,Low,Low,4,BPT-5204,SRI,Flood Irrigation,Herbicide,139,30,No,37235,1884,53656,16421
2015-16,2015,Kharif,Kalaburagi,North,medium-low,39774,109219,2746,57,1130,31.5,64,6.71,0.44,174.2,26.8,191.0,122,87,37,1594,High,Medium,3,BPT-5204,SRI,Flood Irrigation,Mixed,114,19,No,46733,1982,54425,7692
2015-16,2015,Rabi,Kalaburagi,North,medium-low,14354,36344,2532,57,372,24.2,82,6.07,0.62,228.4,23.3,199.0,113,99,74,1131,Medium,Low,6,BPT-5204,Transplanting,Drip,Manual,111,26,Yes,41553,1893,47930,6377
2015-16,2015,Kharif,Kodagu,South,low,18729,40960,2187,48,414,25.4,66,7.02,0.33,293.8,11.9,225.3,185,71,76,842,Low,Medium,6,BPT-5204,Direct Seeding,Drip,Mixed,104,34,Yes,52750,2204,48201,-4548
2015-16,2015,Rabi,Kodagu,South,low,18851,34158,1812,48,209,23.1,70,6.26,0.5,197.4,17.8,168.8,108,85,71,1777,Medium,Low,2,JGL-1798,Direct Seeding,Drip,Mixed,143,18,Yes,43255,1897,34373,-8881
2015-16,2015,Kharif,Kolar,South,medium,41808,114972,2750,61,1046,29.0,81,7.39,0.69,169.9,13.5,214.3,188,90,72,1487,Low,Medium,2,Intan,SRI,Drip,Herbicide,145,35,Yes,51496,2401,66027,14531
2015-16,2015,Rabi,Kolar,South,medium,24742,74300,3003,61,219,22.2,84,7.35,0.45,260.7,25.1,193.0,107,67,53,1521,Medium,Low,3,Jyothi,Transplanting,Sprinkler,Manual,110,38,No,45770,1937,58168,12398
2015-16,2015,Kharif,Koppal,North,high,58180,268500,4615,85,1178,22.4,85,7.47,0.62,193.3,10.5,227.0,142,93,45,921,High,Low,3,MTU-1010,SRI,Sprinkler,Mixed,108,34,No,52087,2129,98253,46166
2015-16,2015,Rabi,Koppal,North,high,27300,118673,4347,85,103,22.6,75,6.1,0.4,245.2,12.8,130.6,111,72,67,1624,Low,Low,6,BPT-5204,Direct Seeding,Sprinkler,Herbicide,119,20,Yes,43025,2234,97111,54086
2015-16,2015,Kharif,Mandya,South,high,50139,260472,5195,90,710,24.9,74,7.45,0.4,279.4,19.6,242.7,146,100,54,843,Medium,Medium,5,Intan,SRI,Sprinkler,Herbicide,99,40,No,35649,2190,113770,78121
2015-16,2015,Rabi,Mandya,South,high,37682,189992,5042,90,253,28.0,64,6.83,0.39,207.1,16.1,142.5,171,111,34,1182,Low,High,5,JGL-1798,Transplanting,Flood Irrigation,Manual,81,31,No,51103,2214,111629,60526
2015-16,2015,Kharif,Mysuru,South,medium,34531,136086,3941,70,1160,25.7,75,6.46,0.79,160.7,27.7,248.9,115,99,66,832,Low,Medium,4,MTU-1010,SRI,Drip,Mixed,142,35,No,36890,2466,97185,60295
2015-16,2015,Rabi,Mysuru,South,medium,17945,63902,3561,70,226,24.4,61,7.38,0.48,256.0,10.6,199.9,118,83,68,1432,High,Low,4,JGL-1798,SRI,Sprinkler,Mixed,100,15,Yes,38024,2459,87564,49540
2015-16,2015,Kharif,Raichur,North,high,92453,493329,5336,82,807,29.1,62,6.78,0.39,213.4,26.6,137.9,138,114,64,1848,Medium,High,4,Rasi,Direct Seeding,Sprinkler,Manual,93,35,No,39676,2075,110722,71046
2015-16,2015,Rabi,Raichur,North,high,51362,202417,3941,82,303,29.0,60,7.48,0.71,150.2,11.4,204.4,167,103,71,1090,High,Medium,3,JGL-1798,Direct Seeding,Flood Irrigation,Mixed,97,21,No,40963,2314,91194,50231
2015-16,2015,Kharif,Ramanagara,South,medium,22452,68433,3048,66,617,23.9,61,7.12,0.7,178.8,29.7,230.7,156,63,70,840,Low,Medium,2,Jyothi,Transplanting,Drip,Manual,123,15,Yes,50659,2296,69982,19323
2015-16,2015,Rabi,Ramanagara,South,medium,24064,72625,3018,66,104,22.6,84,7.43,0.63,268.4,10.8,131.7,100,98,68,1565,Medium,Medium,5,MTU-1010,Direct Seeding,Sprinkler,Herbicide,123,26,No,45329,2045,61718,16389
2015-16,2015,Kharif,Shivamogga,Central,high,64749,309953,4787,75,787,28.1,71,7.31,0.7,150.5,27.4,160.3,117,53,68,751,High,Medium,3,IR-64,Direct Seeding,Sprinkler,Mixed,140,31,No,41158,1803,86309,45151
2015-16,2015,Rabi,Shivamogga,Central,high,46651,219026,4695,75,264,22.2,71,7.31,0.78,260.4,23.6,135.0,162,101,77,1754,Low,Medium,5,Jyothi,SRI,Sprinkler,Manual,129,24,Yes,39691,2332,109487,69796
2015-16,2015,Kharif,Tumakuru,South,medium,52733,161521,3063,64,1133,27.0,64,6.75,0.34,274.9,29.9,248.1,159,71,58,736,Medium,High,6,JGL-1798,Transplanting,Flood Irrigation,Manual,91,18,No,35957,1964,60157,24200
2015-16,2015,Rabi,Tumakuru,South,medium,16692,50760,3041,64,243,24.2,68,7.0,0.78,250.6,23.3,238.4,181,112,35,1916,Medium,Low,6,MTU-1010,SRI,Flood Irrigation,Mixed,123,27,No,53412,2247,68331,14919
2015-16,2015,Kharif,Udupi,Coastal,medium-low,50053,114120,2280,52,665,23.2,62,6.17,0.47,238.8,13.8,241.3,173,97,38,1141,Medium,High,2,IR-64,Transplanting,Sprinkler,Mixed,104,27,No,45474,2173,49544,4070
2015-16,2015,Rabi,Udupi,Coastal,medium-low,26719,63056,2360,52,164,27.2,79,6.89,0.35,151.4,27.0,147.4,137,78,61,1892,Medium,Low,6,IR-64,Transplanting,Sprinkler,Mixed,84,34,No,45121,2314,54610,9489
2015-16,2015,Kharif,Uttara Kannada,Coastal,medium-low,45316,96387,2127,50,1123,27.7,80,7.24,0.55,255.6,17.5,247.2,142,69,75,931,High,Low,2,MTU-1010,Transplanting,Drip,Mixed,130,24,Yes,35706,2361,50218,14512
2015-16,2015,Rabi,Uttara Kannada,Coastal,medium-low,18093,37380,2066,50,342,31.9,84,6.59,0.34,259.0,15.6,238.5,189,120,55,699,Low,Medium,6,MTU-1010,Transplanting,Sprinkler,Herbicide,138,35,Yes,53912,1940,40080,-13831
2015-16,2015,Kharif,Vijayapura,North,medium-low,35562,96799,2722,56,698,31.0,66,6.33,0.67,260.3,10.2,208.9,173,63,73,802,Medium,Medium,3,BPT-5204,Transplanting,Drip,Herbicide,102,16,Yes,51889,2465,67097,15208
2015-16,2015,Rabi,Vijayapura,North,medium-low,16948,40709,2402,56,176,28.3,72,6.37,0.36,209.5,16.1,189.4,122,98,79,1916,High,High,2,MTU-1010,Direct Seeding,Sprinkler,Herbicide,115,35,No,47036,1811,43500,-3535
2015-16,2015,Kharif,Yadgir,North,medium-low,22838,48644,2130,51,524,26.9,81,7.36,0.41,238.0,29.7,171.9,188,62,80,1714,Low,Medium,5,Rasi,SRI,Drip,Herbicide,96,18,No,37080,2350,50055,12975
2015-16,2015,Rabi,Yadgir,North,medium-low,13678,28956,2117,51,110,25.9,77,7.18,0.57,159.6,26.7,180.8,183,65,78,924,High,Low,3,MTU-1010,SRI,Sprinkler,Manual,80,32,No,45298,1925,40752,-4545
2016-17,2016,Kharif,Bagalkot,North,medium,19388,57504,2966,69,611,28.5,62,6.84,0.73,155.3,29.6,175.9,146,119,40,1366,High,Low,3,IR-64,Transplanting,Sprinkler,Herbicide,148,29,Yes,53909,2302,68277,14368
2016-17,2016,Rabi,Bagalkot,North,medium,24222,69129,2854,69,280,28.1,76,6.31,0.35,273.0,14.7,128.2,138,77,38,1733,High,Low,6,IR-64,Direct Seeding,Flood Irrigation,Mixed,134,17,No,43541,2190,62502,18961
2016-17,2016,Kharif,Ballari,North,high,86431,450564,5213,80,809,26.6,68,7.01,0.77,171.5,14.1,194.4,134,74,75,1262,High,High,6,Intan,Transplanting,Drip,Manual,120,40,No,47417,1826,95189,47772
2016-17,2016,Rabi,Ballari,North,high,44600,174609,3915,80,238,23.2,63,7.03,0.5,199.4,11.8,236.4,199,84,39,962,Medium,Low,2,Jyothi,Transplanting,Drip,Manual,95,20,No,54294,2301,90084,35790
2016-17,2016,Kharif,Belagavi,North,medium-low,21589,58290,2700,58,1117,27.7,69,6.83,0.6,284.5,13.4,242.0,149,73,52,1888,High,High,6,MTU-1010,Direct Seeding,Drip,Mixed,96,23,Yes,51828,1959,52893,1065
2016-17,2016,Rabi,Belagavi,North,medium-low,23433,50896,2172,58,293,27.7,68,6.08,0.66,296.2,24.2,137.4,177,103,75,1437,Low,Medium,4,MTU-1010,Direct Seeding,Sprinkler,Herbicide,115,28,Yes,45000,2450,53214,8214
2016-17,2016,Kharif,Bengaluru Rural,South,medium,51337,134554,2621,63,712,26.1,70,7.27,0.62,161.5,14.8,114.0,173,57,35,1085,High,Medium,2,Jyothi,SRI,Sprinkler,Mixed,97,30,No,51875,2493,65341,13466
2016-17,2016,Rabi,Bengaluru Rural,South,medium,28276,77136,2728,63,163,26.1,79,6.29,0.72,151.1,18.5,180.1,144,81,77,1854,High,High,6,BPT-5204,SRI,Drip,Manual,147,22,Yes,37461,2175,59334,21873
2016-17,2016,Kharif,Bidar,North,medium-low,50614,114590,2264,54,761,31.5,73,6.74,0.39,295.5,16.8,201.9,169,65,48,1112,Medium,Medium,4,JGL-1798,Transplanting,Sprinkler,Mixed,130,21,No,51892,1836,41567,-10324
2016-17,2016,Rabi,Bidar,North,medium-low,19346,49506,2559,54,349,22.6,60,6.92,0.46,203.1,10.1,233.5,123,101,52,518,Low,Medium,5,JGL-1798,Transplanting,Sprinkler,Mixed,99,28,Yes,50971,1807,46241,-4729
2016-17,2016,Kharif,Chamarajanagar,South,medium,23933,73115,3055,60,656,24.3,72,6.56,0.48,283.8,20.7,140.4,156,106,40,786,Medium,High,5,BPT-5204,Direct Seeding,Sprinkler,Manual,94,21,No,36319,1936,59144,22825
2016-17,2016,Rabi,Chamarajanagar,South,medium,17907,45054,2516,60,269,31.0,65,7.0,0.77,294.0,29.7,117.8,162,120,61,1896,High,Low,4,MTU-1010,Direct Seeding,Sprinkler,Mixed,129,19,Yes,38534,1821,45816,7282
2016-17,2016,Kharif,Chikkaballapura,South,medium,22781,57932,2543,59,912,22.1,81,6.35,0.64,201.3,29.5,210.6,155,111,48,1077,Medium,Low,5,JGL-1798,SRI,Flood Irrigation,Mixed,145,20,Yes,44212,1917,48749,4537
2016-17,2016,Rabi,Chikkaballapura,South,medium,27774,66379,2390,59,226,28.7,73,6.3,0.65,271.5,24.0,175.4,123,74,67,1788,High,Low,3,BPT-5204,Transplanting,Drip,Manual,115,21,Yes,48969,1818,43450,-5518
2016-17,2016,Kharif,Chikkamagaluru,South,medium,41915,126415,3016,65,452,25.8,76,6.46,0.62,184.7,16.7,171.9,165,104,71,605,Medium,Low,4,IR-64,Direct Seeding,Drip,Mixed,133,22,No,36558,1986,59897,23339
2016-17,2016,Rabi,Chikkamagaluru,South,medium,10476,26881,2566,65,264,24.1,75,6.42,0.6,214.6,15.0,173.7,142,88,37,698,High,Low,6,MTU-1010,Transplanting,Drip,Herbicide,126,38,No,42807,2465,63251,20444
2016-17,2016,Kharif,Chitradurga,Central,medium-low,28628,72028,2516,58,793,22.9,63,6.2,0.67,168.1,21.7,236.8,183,74,42,1943,Medium,Low,2,Intan,SRI,Drip,Herbicide,140,39,Yes,52483,1957,49238,-3244
2016-17,2016,Rabi,Chitradurga,Central,medium-low,10537,23465,2227,58,314,27.5,68,7.34,0.68,276.9,21.2,152.1,146,107,70,1969,Low,Medium,2,Jyothi,Direct Seeding,Sprinkler,Mixed,82,20,No,39224,2096,46677,7453
2016-17,2016,Kharif,Dakshina Kannada,Coastal,medium-low,19633,57328,2920,55,462,29.9,82,6.29,0.71,224.3,20.6,177.0,109,71,58,1543,Medium,High,5,Jyothi,SRI,Drip,Manual,103,15,Yes,53739,2023,59071,5332
2016-17,2016,Rabi,Dakshina Kannada,Coastal,medium-low,22058,54659,2478,55,362,26.6,82,7.08,0.43,277.9,15.9,140.3,115,71,44,593,High,Low,4,BPT-5204,SRI,Flood Irrigation,Herbicide,97,23,Yes,43159,2015,49931,6772
2016-17,2016,Kharif,Davanagere,Central,high,77443,313102,4043,78,1064,25.5,79,7.46,0.46,292.0,27.7,139.6,117,102,69,1103,Medium,Low,2,MTU-1010,Direct Seeding,Flood Irrigation,Mixed,115,20,No,35512,2350,95010,59498
2016-17,2016,Rabi,Davanagere,Central,high,46856,220691,4710,78,398,23.1,83,7.03,0.77,188.6,22.5,190.7,126,106,44,1164,Medium,Low,6,Rasi,Direct Seeding,Flood Irrigation,Herbicide,109,38,No,47079,1951,91892,44813
2016-17,2016,Kharif,Dharwad,North,medium,53063,166670,3141,67,907,23.8,65,7.22,0.39,235.4,28.9,127.1,136,52,49,833,Low,Medium,6,JGL-1798,Transplanting,Flood Irrigation,Manual,134,22,No,48189,1902,59741,11552
2016-17,2016,Rabi,Dharwad,North,medium,24836,71800,2891,67,106,28.0,72,6.58,0.36,152.0,26.6,240.2,116,81,79,671,Medium,Low,6,BPT-5204,Transplanting,Flood Irrigation,Mixed,123,37,Yes,41629,1942,56143,14514
2016-17,2016,Kharif,Gadag,North,medium,36606,122300,3341,60,854,30.2,69,6.5,0.38,158.4,23.8,194.1,115,52,32,710,High,Medium,2,Intan,Direct Seeding,Flood Irrigation,Manual,108,15,Yes,48996,2194,73301,24305
2016-17,2016,Rabi,Gadag,North,medium,12714,34353,2702,60,246,24.3,81,6.58,0.74,273.4,12.2,125.4,114,78,36,1077,Medium,Low,6,IR-64,Transplanting,Drip,Manual,85,34,Yes,40834,2238,60470,19636
2016-17,2016,Kharif,Hassan,South,medium,38559,125201,3247,68,585,28.8,64,7.34,0.64,243.7,15.7,231.3,134,113,72,1255,Medium,High,2,MTU-1010,Transplanting,Flood Irrigation,Mixed,98,25,Yes,47799,2257,73284,25485
2016-17,2016,Rabi,Hassan,South,medium,24773,83286,3362,68,344,30.1,63,6.87,0.78,191.8,11.8,249.2,123,99,52,1153,Medium,Medium,5,Rasi,Direct Seeding,Sprinkler,Mixed,122,19,Yes,47556,2228,74905,27349
2016-17,2016,Kharif,Haveri,North,medium,39296,125629,3197,62,946,26.9,77,7.23,0.49,237.1,18.4,186.7,188,78,74,678,Low,Medium,2,JGL-1798,Transplanting,Drip,Mixed,140,19,Yes,36952,2157,68959,32007
2016-17,2016,Rabi,Haveri,North,medium,17199,55002,3198,62,171,24.9,64,7.25,0.58,289.7,18.4,131.6,128,57,77,782,Low,High,3,Jyothi,SRI,Flood Irrigation,Mixed,134,26,Yes,38473,2478,79246,40773
2016-17,2016,Kharif,Kalaburagi,North,medium-low,40556,93968,2317,57,1008,30.7,60,6.22,0.37,186.8,10.2,224.7,153,69,78,873,Medium,High,3,Rasi,SRI,Sprinkler,Herbicide,140,28,No,49548,2460,56998,7450
2016-17,2016,Rabi,Kalaburagi,North,medium-low,24224,49998,2064,57,156,23.6,80,6.05,0.68,225.5,10.2,224.9,187,108,65,1956,Medium,High,6,IR-64,SRI,Flood Irrigation,Herbicide,100,23,Yes,52088,2186,45119,-6968
2016-17,2016,Kharif,Kodagu,South,low,22743,54787,2409,48,810,28.2,67,6.59,0.71,296.4,22.1,111.6,188,109,60,1141,High,High,5,MTU-1010,Direct Seeding,Flood Irrigation,Manual,127,35,No,41380,2076,50010,8630
2016-17,2016,Rabi,Kodagu,South,low,11895,21625,1818,48,285,28.0,70,6.04,0.44,231.2,11.3,189.6,196,89,42,1629,Low,High,2,JGL-1798,Direct Seeding,Flood Irrigation,Mixed,85,33,No,36496,1849,33614,-2881
2016-17,2016,Kharif,Kolar,South,medium,30136,77479,2571,61,716,22.1,71,7.13,0.78,225.0,16.3,158.6,145,66,74,1881,Low,Medium,5,Rasi,SRI,Flood Irrigation,Mixed,99,15,No,50628,2400,61704,11076
2016-17,2016,Rabi,Kolar,South,medium,27871,81216,2914,61,248,23.6,81,6.69,0.74,164.0,24.4,232.7,187,68,79,1971,Low,High,6,Rasi,SRI,Sprinkler,Mixed,123,29,Yes,46109,2097,61106,14997
2016-17,2016,Kharif,Koppal,North,high,63841,323673,5070,85,841,22.4,82,7.16,0.49,181.3,22.2,111.2,119,113,36,530,Low,Medium,6,MTU-1010,Transplanting,Drip,Manual,138,25,Yes,44686,1965,99625,54939
2016-17,2016,Rabi,Koppal,North,high,22099,91732,4151,85,286,25.5,62,6.27,0.69,188.7,19.5,138.4,156,67,37,1664,Medium,Low,4,MTU-1010,Direct Seeding,Drip,Herbicide,96,29,No,51792,2439,101242,49450
2016-17,2016,Kharif,Mandya,South,high,60200,292873,4865,90,1098,26.1,74,6.39,0.74,252.4,22.4,196.6,194,81,74,1648,Low,Low,2,IR-64,Direct Seeding,Flood Irrigation,Mixed,131,17,Yes,47721,2273,110581,62860
2016-17,2016,Rabi,Mandya,South,high,47354,191073,4035,90,338,26.7,77,7.35,0.53,162.9,24.6,237.6,150,105,42,1322,Medium,Low,4,IR-64,SRI,Drip,Manual,140,18,No,49895,1839,74203,24308
2016-17,2016,Kharif,Mysuru,South,medium,39130,123455,3155,70,881,23.5,66,6.48,0.32,240.2,17.6,240.5,146,105,60,937,Low,Low,2,MTU-1010,SRI,Drip,Herbicide,112,35,Yes,37739,1945,61364,23625
2016-17,2016,Rabi,Mysuru,South,medium,11072,32928,2974,70,141,25.0,82,6.68,0.51,182.1,27.9,127.6,106,61,57,1200,Medium,Low,3,IR-64,Direct Seeding,Drip,Herbicide,148,37,Yes,49312,2163,64327,15015
2016-17,2016,Kharif,Raichur,North,high,89796,436947,4866,82,410,27.6,79,6.3,0.66,236.8,12.9,199.6,193,90,30,808,Medium,Low,5,MTU-1010,Direct Seeding,Flood Irrigation,Mixed,132,23,Yes,49763,1928,93816,44053
2016-17,2016,Rabi,Raichur,North,high,45889,195487,4260,82,396,23.0,66,7.12,0.39,254.5,25.5,190.1,127,94,43,891,High,High,2,IR-64,Direct Seeding,Flood Irrigation,Herbicide,119,31,Yes,51355,2464,104966,53611
2016-17,2016,Kharif,Ramanagara,South,medium,35653,108028,3030,66,760,25.5,77,6.64,0.79,200.4,28.5,168.8,147,72,65,1718,Low,High,5,Jyothi,Direct Seeding,Sprinkler,Mixed,135,35,No,38251,1889,57236,18985
2016-17,2016,Rabi,Ramanagara,South,medium,26551,82201,3096,66,145,28.5,79,7.4,0.35,262.5,22.5,181.7,181,106,62,1690,Low,High,4,MTU-1010,Direct Seeding,Flood Irrigation,Manual,138,32,No,38751,2000,61920,23169
2016-17,2016,Kharif,Shivamogga,Central,high,72368,375228,5185,75,759,31.7,74,6.62,0.71,255.6,24.8,101.1,147,78,62,1080,Medium,High,4,IR-64,Direct Seeding,Sprinkler,Manual,80,28,Yes,35508,1826,94678,59170
2016-17,2016,Rabi,Shivamogga,Central,high,25680,115739,4507,75,365,30.2,79,6.48,0.39,235.8,18.6,183.4,150,74,69,1819,Medium,Low,6,Jyothi,Transplanting,Sprinkler,Herbicide,102,27,No,51950,1962,88427,36477
2016-17,2016,Kharif,Tumakuru,South,medium,34928,97099,2780,64,1127,30.0,76,6.18,0.59,208.8,25.2,237.5,170,70,50,917,Low,Low,2,Jyothi,Transplanting,Sprinkler,Mixed,99,15,Yes,53736,2191,60909,7173
2016-17,2016,Rabi,Tumakuru,South,medium,10148,29723,2929,64,166,31.8,80,6.95,0.48,186.0,28.0,144.5,168,81,76,1274,Medium,High,2,IR-64,Transplanting,Flood Irrigation,Mixed,82,35,Yes,38635,2270,66488,27853
2016-17,2016,Kharif,Udupi,Coastal,medium-low,41112,91104,2216,52,545,24.8,65,6.14,0.55,204.2,26.8,158.6,162,52,56,650,Medium,High,2,JGL-1798,SRI,Drip,Herbicide,120,35,No,40279,1984,43965,3686
2016-17,2016,Rabi,Udupi,Coastal,medium-low,15894,30866,1942,52,191,28.6,80,6.91,0.32,296.4,29.9,172.6,178,119,30,824,High,High,4,BPT-5204,Transplanting,Sprinkler,Manual,148,15,Yes,42087,2173,42199,112
2016-17,2016,Kharif,Uttara Kannada,Coastal,medium-low,22340,59781,2676,50,430,25.3,67,6.13,0.65,169.0,15.5,129.9,111,94,75,1629,High,Medium,5,Rasi,Direct Seeding,Drip,Mixed,131,21,No,40667,2002,53573,12906
2016-17,2016,Rabi,Uttara Kannada,Coastal,medium-low,24052,57676,2398,50,243,31.6,63,6.88,0.68,196.7,25.9,243.1,162,105,58,1367,High,High,4,MTU-1010,Direct Seeding,Sprinkler,Manual,129,28,Yes,53584,2161,51820,-1763
2016-17,2016,Kharif,Vijayapura,North,medium-low,32451,93718,2888,56,465,26.5,61,7.44,0.43,211.5,22.1,231.6,167,95,55,561,Low,Low,4,Jyothi,Transplanting,Drip,Manual,89,21,No,47188,1948,56258,9070
2016-17,2016,Rabi,Vijayapura,North,medium-low,25995,57942,2229,56,104,25.2,60,7.08,0.41,235.1,16.4,134.9,108,99,48,1732,Low,High,3,BPT-5204,SRI,Drip,Mixed,89,33,No,49260,2125,47366,-1893
2016-17,2016,Kharif,Yadgir,North,medium-low,49600,113385,2286,51,601,22.5,75,6.75,0.8,213.2,12.5,125.7,141,99,45,1680,Low,Medium,2,Rasi,SRI,Flood Irrigation,Herbicide,116,19,No,36212,2346,53629,17417
2016-17,2016,Rabi,Yadgir,North,medium-low,20701,39373,1902,51,108,22.7,63,7.24,0.51,195.1,16.3,151.9,110,90,61,1754,Low,Medium,4,Rasi,Direct Seeding,Drip,Mixed,95,26,Yes,35959,2029,38591,2632
2017-18,2017,Kharif,Bagalkot,North,medium,19468,71136,3654,69,542,23.1,70,7.29,0.66,184.0,11.8,208.6,147,118,30,1909,Low,Medium,2,BPT-5204,Transplanting,Drip,Manual,113,25,No,43844,1974,72129,28285
2017-18,2017,Rabi,Bagalkot,North,medium,12348,38352,3106,69,161,23.3,64,7.13,0.74,294.9,18.3,167.0,115,116,63,992,High,Medium,5,IR-64,Direct Seeding,Sprinkler,Herbicide,108,17,No,44707,1884,58517,13810
2017-18,2017,Kharif,Ballari,North,high,62442,296974,4756,80,648,28.6,83,7.28,0.65,161.3,19.9,131.9,185,77,59,1288,Low,Medium,2,IR-64,Transplanting,Sprinkler,Mixed,145,25,No,49877,2471,117520,67643
2017-18,2017,Rabi,Ballari,North,high,25370,118554,4673,80,154,31.1,67,7.38,0.49,217.9,22.4,130.5,151,74,34,1069,Medium,Low,4,MTU-1010,SRI,Sprinkler,Manual,98,29,Yes,38611,2046,95609,56998
2017-18,2017,Kharif,Belagavi,North,medium-low,18265,54740,2997,58,591,24.7,75,6.99,0.53,189.8,28.5,112.6,155,77,39,1312,High,Medium,6,IR-64,Transplanting,Drip,Herbicide,127,18,Yes,47534,2232,66893,19359
2017-18,2017,Rabi,Belagavi,North,medium-low,13512,31131,2304,58,306,23.8,68,6.79,0.55,215.0,23.6,197.0,114,78,37,608,Low,High,4,JGL-1798,Transplanting,Sprinkler,Manual,115,22,No,47842,2202,50734,2892
2017-18,2017,Kharif,Bengaluru Rural,South,medium,21528,59202,2750,63,1108,24.7,66,6.26,0.4,245.5,24.1,143.2,100,62,41,1530,High,High,5,Rasi,Direct Seeding,Sprinkler,Manual,101,25,Yes,40460,1991,54752,14292
2017-18,2017,Rabi,Bengaluru Rural,South,medium,16379,49628,3030,63,172,31.6,81,6.71,0.47,176.6,15.3,111.5,186,51,68,1221,Medium,High,2,Jyothi,Transplanting,Drip,Manual,85,15,No,42480,2337,70811,28331
2017-18,2017,Kharif,Bidar,North,medium-low,37003,85254,2304,54,550,29.8,63,6.46,0.67,217.9,24.7,248.5,132,112,46,1246,Medium,Low,4,IR-64,SRI,Drip,Mixed,141,18,No,52016,2455,56563,4547
2017-18,2017,Rabi,Bidar,North,medium-low,9921,20665,2083,54,310,30.6,81,7.49,0.48,154.6,21.6,204.4,155,96,43,682,Low,Medium,2,IR-64,SRI,Sprinkler,Mixed,137,31,Yes,43693,2495,51970,8277
2017-18,2017,Kharif,Chamarajanagar,South,medium,31059,98363,3167,60,800,27.9,68,6.46,0.32,228.0,16.9,191.9,155,108,66,1210,Medium,Low,2,Jyothi,SRI,Flood Irrigation,Herbicide,99,31,No,53289,2480,78541,25252
2017-18,2017,Rabi,Chamarajanagar,South,medium,12863,31437,2444,60,247,22.6,69,6.02,0.32,192.5,21.9,108.0,139,50,57,1221,High,Low,2,IR-64,Transplanting,Drip,Herbicide,144,36,Yes,37818,2077,50761,12943
2017-18,2017,Kharif,Chikkaballapura,South,medium,23120,75001,3244,59,601,26.3,62,6.44,0.32,289.9,15.0,201.8,149,104,55,700,Medium,Medium,6,IR-64,Transplanting,Sprinkler,Herbicide,121,40,Yes,41537,2056,66696,25159
2017-18,2017,Rabi,Chikkaballapura,South,medium,12305,30983,2518,59,202,25.0,62,6.45,0.76,219.2,13.7,217.4,155,62,38,1578,Medium,High,4,Intan,SRI,Sprinkler,Herbicide,139,26,No,50287,2230,56151,5864
2017-18,2017,Kharif,Chikkamagaluru,South,medium,33425,109700,3282,65,972,22.3,84,6.63,0.68,242.3,16.0,136.4,165,97,38,1771,High,High,4,BPT-5204,Direct Seeding,Flood Irrigation,Herbicide,80,29,No,36780,1886,61898,25118
2017-18,2017,Rabi,Chikkamagaluru,South,medium,10625,29909,2815,65,154,25.3,63,7.23,0.58,253.6,27.3,118.2,174,115,77,1968,Low,High,3,Intan,Transplanting,Sprinkler,Mixed,143,19,Yes,40071,2108,59340,19269
2017-18,2017,Kharif,Chitradurga,Central,medium-low,41819,109189,2611,58,406,30.1,79,7.03,0.36,150.0,22.1,118.2,112,81,43,712,Medium,Low,6,Jyothi,Direct Seeding,Flood Irrigation,Manual,118,27,No,41030,2040,53264,12234
2017-18,2017,Rabi,Chitradurga,Central,medium-low,26945,74341,2759,58,233,30.2,81,6.66,0.63,168.5,12.9,103.2,118,80,40,1547,High,High,6,JGL-1798,Direct Seeding,Drip,Herbicide,117,36,Yes,54292,2304,63567,9275
2017-18,2017,Kharif,Dakshina Kannada,Coastal,medium-low,31772,86451,2721,55,800,25.9,85,6.16,0.51,213.7,10.6,168.6,172,99,30,1688,Medium,Low,6,Jyothi,Transplanting,Drip,Manual,139,38,No,44073,1809,49222,5149
2017-18,2017,Rabi,Dakshina Kannada,Coastal,medium-low,12774,28933,2265,55,357,24.1,82,6.79,0.56,176.2,13.0,198.4,172,93,59,1964,Low,Medium,4,Jyothi,Transplanting,Sprinkler,Herbicide,128,30,Yes,53875,2319,52525,-1349
2017-18,2017,Kharif,Davanagere,Central,high,86002,396039,4605,78,532,29.0,78,7.43,0.47,242.6,18.1,106.7,193,70,44,697,High,Low,5,Rasi,Direct Seeding,Drip,Manual,110,18,Yes,47585,2230,102691,55106
2017-18,2017,Rabi,Davanagere,Central,high,21653,78340,3618,78,228,23.1,83,6.11,0.68,241.0,26.8,238.5,141,63,74,1420,Medium,Low,6,Intan,Transplanting,Flood Irrigation,Herbicide,142,29,No,42389,2006,72577,30188
2017-18,2017,Kharif,Dharwad,North,medium,46205,132423,2866,67,941,30.1,66,6.13,0.31,294.0,11.9,105.0,117,50,53,1335,High,High,2,IR-64,Transplanting,Sprinkler,Mixed,147,30,Yes,41798,2384,68325,26527
2017-18,2017,Rabi,Dharwad,North,medium,26651,76275,2862,67,280,25.6,77,7.28,0.7,215.8,22.5,231.1,172,60,38,1559,Medium,Low,2,Jyothi,Transplanting,Flood Irrigation,Mixed,149,25,Yes,42340,2096,59987,17647
2017-18,2017,Kharif,Gadag,North,medium,49517,143549,2899,60,1120,25.6,65,7.45,0.34,236.3,27.1,239.8,164,89,55,1766,Low,High,2,Intan,Direct Seeding,Drip,Mixed,83,16,No,48808,2067,59922,11114
2017-18,2017,Rabi,Gadag,North,medium,13649,36879,2702,60,130,23.4,77,7.23,0.46,263.6,28.2,109.3,163,59,66,1749,High,Low,4,BPT-5204,Direct Seeding,Sprinkler,Mixed,90,32,No,39242,2077,56120,16878
2017-18,2017,Kharif,Hassan,South,medium,45481,135124,2971,68,436,27.0,67,6.98,0.52,195.5,27.0,245.7,102,57,31,901,High,High,5,Rasi,SRI,Sprinkler,Manual,150,30,Yes,47685,2186,64946,17261
2017-18,2017,Rabi,Hassan,South,medium,23912,66355,2775,68,318,27.5,63,6.66,0.75,297.4,17.4,129.0,155,57,45,975,Low,High,2,JGL-1798,Direct Seeding,Sprinkler,Mixed,85,40,Yes,43189,1858,51559,8370
2017-18,2017,Kharif,Haveri,North,medium,20577,57677,2803,62,849,23.8,61,6.47,0.6,283.6,30.0,119.5,150,111,72,750,High,Low,2,IR-64,SRI,Flood Irrigation,Herbicide,125,22,No,44919,2175,60965,16046
2017-18,2017,Rabi,Haveri,North,medium,25669,76057,2963,62,225,27.3,68,6.48,0.57,165.7,16.9,161.6,179,112,47,660,Low,Low,6,JGL-1798,Direct Seeding,Sprinkler,Mixed,106,18,No,39651,1836,54400,14749
2017-18,2017,Kharif,Kalaburagi,North,medium-low,26679,74887,2807,57,1065,29.6,63,6.03,0.72,190.5,21.8,145.1,110,57,47,1748,Medium,Medium,2,MTU-1010,Direct Seeding,Drip,Herbicide,85,22,Yes,47429,1988,55803,8374
2017-18,2017,Rabi,Kalaburagi,North,medium-low,23175,54855,2367,57,126,28.6,61,6.81,0.47,153.9,22.2,234.0,133,77,78,556,Medium,High,6,Jyothi,Direct Seeding,Sprinkler,Mixed,87,40,Yes,53130,2197,52002,-1127
2017-18,2017,Kharif,Kodagu,South,low,45403,115641,2547,48,694,30.6,77,6.7,0.59,235.2,20.4,124.4,148,109,77,987,Low,Low,4,MTU-1010,SRI,Drip,Manual,111,39,No,46060,2384,60720,14660
2017-18,2017,Rabi,Kodagu,South,low,17673,31705,1794,48,240,25.6,81,6.38,0.63,265.7,10.2,146.0,184,91,46,866,Medium,Medium,2,Jyothi,Transplanting,Drip,Manual,125,30,Yes,48389,1859,33350,-15038
2017-18,2017,Kharif,Kolar,South,medium,39945,131738,3298,61,683,31.0,77,6.47,0.33,177.0,25.3,141.4,163,66,44,1790,Low,Low,6,Rasi,Transplanting,Flood Irrigation,Manual,84,20,No,54001,2124,70049,16048
2017-18,2017,Rabi,Kolar,South,medium,10361,27995,2702,61,216,22.6,82,7.49,0.79,152.4,26.9,227.4,169,55,68,980,Medium,Low,2,Intan,Direct Seeding,Flood Irrigation,Mixed,89,22,Yes,45675,2384,64415,18740
2017-18,2017,Kharif,Koppal,North,high,63856,343545,5380,85,1097,26.2,80,6.64,0.44,153.7,22.1,154.0,152,97,60,1102,High,Low,3,IR-64,Transplanting,Drip,Manual,83,18,Yes,45259,2323,124977,79718
2017-18,2017,Rabi,Koppal,North,high,48666,234424,4817,85,360,29.8,82,6.52,0.41,274.6,10.7,208.9,148,60,34,959,High,High,6,Rasi,SRI,Sprinkler,Herbicide,148,38,Yes,52293,1852,89210,36917
2017-18,2017,Kharif,Mandya,South,high,82013,412279,5027,90,937,27.2,70,6.4,0.72,194.0,14.9,136.5,198,96,44,1433,Medium,High,2,Rasi,Transplanting,Drip,Mixed,132,26,Yes,46533,2373,119290,72757
2017-18,2017,Rabi,Mandya,South,high,39952,160926,4028,90,285,28.5,79,6.35,0.69,184.5,26.6,248.0,168,81,79,1334,High,High,3,Intan,Direct Seeding,Drip,Herbicide,120,18,Yes,48385,2231,89864,41479
2017-18,2017,Kharif,Mysuru,South,medium,37074,148852,4015,70,989,26.9,84,6.3,0.39,218.1,13.3,162.8,197,120,75,1462,High,Low,3,MTU-1010,Transplanting,Drip,Manual,101,17,Yes,51872,2342,94031,42159
2017-18,2017,Rabi,Mysuru,South,medium,17539,62631,3571,70,281,23.3,82,6.84,0.66,167.9,27.9,234.8,175,63,76,592,Low,High,4,Jyothi,Direct Seeding,Sprinkler,Herbicide,135,24,No,39410,1987,70955,31545
2017-18,2017,Kharif,Raichur,North,high,90992,469063,5155,82,921,22.8,60,6.89,0.48,247.4,17.6,165.8,165,85,79,698,Low,Medium,5,IR-64,Transplanting,Sprinkler,Mixed,147,33,No,44347,2130,109801,65454
2017-18,2017,Rabi,Raichur,North,high,34911,143449,4109,82,191,31.5,61,7.22,0.67,298.4,14.2,177.9,173,90,36,1211,Medium,Low,2,IR-64,Direct Seeding,Drip,Herbicide,108,20,No,43500,2420,99437,55937
2017-18,2017,Kharif,Ramanagara,South,medium,46641,129055,2767,66,637,28.7,64,6.14,0.58,226.3,13.4,189.8,105,119,64,899,Low,Medium,2,IR-64,Transplanting,Drip,Mixed,134,38,No,52068,1929,53375,1307
2017-18,2017,Rabi,Ramanagara,South,medium,26723,74770,2798,66,156,29.2,63,6.67,0.52,189.5,27.3,249.0,193,64,52,661,High,Low,2,IR-64,Transplanting,Sprinkler,Herbicide,115,29,Yes,45315,1839,51455,6140
2017-18,2017,Kharif,Shivamogga,Central,high,68632,278577,4059,75,1122,29.9,70,6.29,0.58,275.6,22.5,242.4,180,51,45,780,High,Medium,3,Rasi,Transplanting,Drip,Herbicide,99,30,Yes,51276,2089,84792,33516
2017-18,2017,Rabi,Shivamogga,Central,high,24448,92975,3803,75,145,31.5,83,7.12,0.3,160.1,21.2,131.3,122,54,56,1908,Medium,High,5,Rasi,SRI,Flood Irrigation,Mixed,124,30,Yes,44833,2037,77467,32634
2017-18,2017,Kharif,Tumakuru,South,medium,51324,146222,2849,64,896,26.9,80,6.59,0.48,222.1,11.9,116.9,196,86,56,1415,Medium,Low,5,BPT-5204,Transplanting,Drip,Herbicide,94,26,No,39196,2295,65384,26188
2017-18,2017,Rabi,Tumakuru,South,medium,26912,80574,2994,64,350,28.0,81,6.35,0.45,226.1,27.8,217.4,107,91,46,1882,Medium,Medium,5,MTU-1010,Direct Seeding,Drip,Herbicide,113,16,No,50909,2024,60598,9689
2017-18,2017,Kharif,Udupi,Coastal,medium-low,30713,79792,2598,52,446,25.1,73,6.33,0.74,230.4,25.6,116.5,178,92,38,1738,High,Low,2,MTU-1010,Direct Seeding,Flood Irrigation,Mixed,122,26,Yes,36612,2331,60559,23947
2017-18,2017,Rabi,Udupi,Coastal,medium-low,13855,30273,2185,52,201,31.9,77,6.59,0.66,193.5,13.2,156.1,152,77,65,1009,Low,Low,2,MTU-1010,SRI,Flood Irrigation,Mixed,130,40,No,36385,1960,42826,6441
2017-18,2017,Kharif,Uttara Kannada,Coastal,medium-low,28528,65043,2280,50,635,28.3,82,6.37,0.44,168.5,25.7,198.3,116,84,35,656,Low,High,5,BPT-5204,Transplanting,Sprinkler,Mixed,99,18,No,41366,2420,55176,13810
2017-18,2017,Rabi,Uttara Kannada,Coastal,medium-low,27309,56830,2081,50,265,26.3,83,6.04,0.44,180.4,15.3,198.4,160,98,48,1379,Low,Low,5,Intan,Direct Seeding,Drip,Herbicide,148,31,Yes,47530,1817,37811,-9718
2017-18,2017,Kharif,Vijayapura,North,medium-low,36766,102062,2776,56,781,29.6,82,6.16,0.41,296.3,17.9,134.8,147,111,66,723,High,Medium,4,JGL-1798,SRI,Flood Irrigation,Manual,101,21,No,54444,2055,57046,2602
2017-18,2017,Rabi,Vijayapura,North,medium-low,11230,23886,2127,56,342,27.2,78,7.14,0.33,224.0,18.2,211.1,119,54,50,1911,High,High,5,MTU-1010,Transplanting,Drip,Mixed,106,39,No,52877,2311,49154,-3722
2017-18,2017,Kharif,Yadgir,North,medium-low,29680,81412,2743,51,641,25.2,82,6.72,0.58,261.0,24.7,238.2,154,59,54,760,Low,Low,6,Rasi,Transplanting,Flood Irrigation,Manual,136,18,Yes,48899,2307,63281,14382
2017-18,2017,Rabi,Yadgir,North,medium-low,13031,29775,2285,51,368,26.9,83,7.31,0.51,151.4,12.4,249.4,192,84,63,1160,High,Medium,6,Rasi,Transplanting,Flood Irrigation,Herbicide,146,36,Yes,47165,2331,53263,6098
2018-19,2018,Kharif,Bagalkot,North,medium,40362,125687,3114,69,873,24.1,70,7.39,0.66,277.9,12.7,178.7,160,51,50,1352,Low,Low,5,BPT-5204,Transplanting,Drip,Mixed,104,21,Yes,52620,2269,70656,18036
2018-19,2018,Rabi,Bagalkot,North,medium,16138,43475,2694,69,339,27.9,62,6.53,0.58,183.9,22.6,239.2,135,86,57,1696,High,Medium,4,Intan,Direct Seeding,Drip,Mixed,149,35,Yes,37538,2406,64817,27279
2018-19,2018,Kharif,Ballari,North,high,46371,192393,4149,80,621,24.8,68,6.85,0.36,228.3,22.9,157.4,173,85,77,1761,High,Medium,3,JGL-1798,Transplanting,Flood Irrigation,Manual,91,40,Yes,39696,1968,81652,41956
2018-19,2018,Rabi,Ballari,North,high,38187,180280,4721,80,265,22.8,61,6.21,0.7,213.8,19.4,145.4,197,65,45,1647,Medium,Medium,5,Rasi,Direct Seeding,Drip,Herbicide,146,25,Yes,54837,2019,95316,40479
2018-19,2018,Kharif,Belagavi,North,medium-low,23705,72347,3052,58,684,29.1,73,6.84,0.55,268.3,23.7,183.7,155,94,41,551,Medium,Medium,4,Rasi,Direct Seeding,Flood Irrigation,Mixed,104,27,No,40865,1810,55241,14376
2018-19,2018,Rabi,Belagavi,North,medium-low,13372,32386,2422,58,369,23.9,78,6.47,0.35,205.3,15.1,238.2,177,84,32,1825,Medium,High,5,Jyothi,Transplanting,Sprinkler,Mixed,112,23,Yes,53749,1831,44346,-9402
2018-19,2018,Kharif,Bengaluru Rural,South,medium,50191,160310,3194,63,882,32.0,80,6.68,0.39,262.5,23.0,181.8,113,54,53,559,High,High,3,Rasi,SRI,Flood Irrigation,Manual,90,28,Yes,36836,2254,71992,35156
2018-19,2018,Rabi,Bengaluru Rural,South,medium,22408,64915,2897,63,260,23.0,77,6.42,0.73,248.3,24.7,149.9,186,90,75,846,High,High,4,Intan,Transplanting,Sprinkler,Herbicide,133,36,Yes,37128,1997,57853,20725
2018-19,2018,Kharif,Bidar,North,medium-low,48743,134140,2752,54,551,29.3,62,6.26,0.32,241.3,23.8,161.4,181,50,49,1060,High,Medium,2,IR-64,Direct Seeding,Sprinkler,Mixed,91,33,No,37888,1919,52810,14922
2018-19,2018,Rabi,Bidar,North,medium-low,11218,23793,2121,54,144,23.9,78,6.94,0.31,175.4,10.2,195.7,158,60,76,1005,Medium,High,3,Rasi,SRI,Flood Irrigation,Herbicide,86,27,No,40832,2085,44222,3390
2018-19,2018,Kharif,Chamarajanagar,South,medium,22729,66323,2918,60,823,24.3,66,6.41,0.4,296.9,15.2,165.9,111,112,52,1685,Medium,Medium,6,Jyothi,SRI,Sprinkler,Manual,84,33,No,40102,2350,68573,28471
2018-19,2018,Rabi,Chamarajanagar,South,medium,21001,50192,2390,60,322,25.5,85,7.02,0.44,201.3,29.4,182.7,195,84,35,1551,Low,Medium,3,Jyothi,Direct Seeding,Flood Irrigation,Manual,146,36,Yes,50571,1943,46437,-4133
2018-19,2018,Kharif,Chikkaballapura,South,medium,35146,102802,2925,59,781,27.6,81,6.88,0.32,255.2,22.6,230.4,101,70,56,1473,Medium,Medium,2,JGL-1798,Direct Seeding,Drip,Manual,139,32,Yes,35712,2249,65783,30071
2018-19,2018,Rabi,Chikkaballapura,South,medium,25922,69496,2681,59,394,28.9,83,6.6,0.72,187.9,17.5,150.7,186,101,49,582,Low,High,2,Jyothi,Direct Seeding,Drip,Mixed,131,33,Yes,40374,2324,62306,21932
2018-19,2018,Kharif,Chikkamagaluru,South,medium,23715,88694,3740,65,1011,31.7,76,6.3,0.79,262.8,12.6,150.0,106,61,49,789,Medium,Medium,5,JGL-1798,Direct Seeding,Flood Irrigation,Mixed,98,21,Yes,44872,2114,79063,34191
2018-19,2018,Rabi,Chikkamagaluru,South,medium,11009,30340,2756,65,204,26.4,83,6.37,0.64,276.9,17.5,171.6,144,62,60,1626,High,Medium,3,Jyothi,SRI,Drip,Herbicide,111,39,Yes,47700,1931,53218,5518
2018-19,2018,Kharif,Chitradurga,Central,medium-low,29489,87995,2984,58,536,26.0,70,7.35,0.71,259.6,18.5,159.1,109,94,61,1871,High,High,2,JGL-1798,SRI,Flood Irrigation,Manual,127,26,No,51431,1801,53741,2310
2018-19,2018,Rabi,Chitradurga,Central,medium-low,21858,56721,2595,58,303,31.1,80,6.35,0.55,156.6,16.0,113.9,149,73,57,808,Medium,Medium,5,Rasi,Direct Seeding,Flood Irrigation,Herbicide,133,20,Yes,48048,2498,64823,16775
2018-19,2018,Kharif,Dakshina Kannada,Coastal,medium-low,37051,105965,2860,55,876,30.1,71,7.03,0.35,279.4,26.1,101.8,140,66,66,1538,Medium,High,5,BPT-5204,Direct Seeding,Sprinkler,Mixed,131,28,Yes,44927,2235,63921,18994
2018-19,2018,Rabi,Dakshina Kannada,Coastal,medium-low,14657,37199,2538,55,159,28.0,85,7.36,0.55,267.2,24.2,226.6,146,64,80,866,Medium,High,5,MTU-1010,SRI,Flood Irrigation,Manual,80,25,No,41475,2327,59059,17584
2018-19,2018,Kharif,Davanagere,Central,high,81487,398471,4890,78,865,26.3,74,6.42,0.36,223.4,17.3,233.4,187,97,46,1371,Medium,High,4,MTU-1010,Transplanting,Sprinkler,Herbicide,102,24,No,48666,1817,88851,40185
2018-19,2018,Rabi,Davanagere,Central,high,37013,146201,3950,78,118,28.0,71,7.1,0.57,209.4,13.5,180.2,116,68,70,1510,Medium,Medium,4,Jyothi,SRI,Sprinkler,Manual,147,33,No,36331,1878,74181,37850
2018-19,2018,Kharif,Dharwad,North,medium,29802,91611,3074,67,550,28.1,83,6.96,0.74,207.3,29.6,111.8,181,88,57,1320,Low,Low,4,Rasi,SRI,Sprinkler,Manual,135,18,Yes,53707,2067,63539,9832
2018-19,2018,Rabi,Dharwad,North,medium,15569,46629,2995,67,376,30.5,67,7.04,0.32,236.0,14.3,240.3,135,73,47,1527,High,Low,6,Jyothi,Transplanting,Sprinkler,Herbicide,114,15,No,41787,1819,54479,12692
2018-19,2018,Kharif,Gadag,North,medium,47109,144153,3060,60,532,24.7,74,6.9,0.79,197.7,14.4,102.7,141,78,34,1752,Medium,High,6,MTU-1010,Direct Seeding,Sprinkler,Herbicide,122,32,No,50584,2371,72552,21968
2018-19,2018,Rabi,Gadag,North,medium,9622,26200,2723,60,263,25.5,74,6.23,0.73,224.8,20.6,125.5,149,82,55,566,High,High,2,Rasi,Direct Seeding,Sprinkler,Herbicide,90,21,No,44962,2098,57128,12166
2018-19,2018,Kharif,Hassan,South,medium,45923,149617,3258,68,1090,26.7,64,6.94,0.38,202.7,18.6,249.4,102,86,65,1505,Low,Medium,6,JGL-1798,Direct Seeding,Sprinkler,Manual,92,27,Yes,41924,1913,62325,20401
2018-19,2018,Rabi,Hassan,South,medium,21043,61803,2937,68,181,29.7,83,7.47,0.58,202.8,14.4,235.1,135,90,79,1243,High,Low,4,Intan,SRI,Sprinkler,Herbicide,108,27,No,50201,2093,61471,11270
2018-19,2018,Kharif,Haveri,North,medium,48783,176789,3624,62,560,31.2,65,6.6,0.3,274.5,25.3,198.4,187,62,54,1688,High,Medium,5,Jyothi,Transplanting,Sprinkler,Manual,108,19,Yes,54646,2384,86396,31750
2018-19,2018,Rabi,Haveri,North,medium,24345,69578,2858,62,111,25.3,67,6.25,0.61,252.7,29.0,103.4,176,99,65,1547,Low,Low,5,IR-64,SRI,Flood Irrigation,Manual,140,37,Yes,45575,1935,55302,9727
2018-19,2018,Kharif,Kalaburagi,North,medium-low,28525,66748,2340,57,431,24.1,74,6.69,0.64,216.5,14.8,126.5,159,114,71,727,High,Medium,3,JGL-1798,Direct Seeding,Sprinkler,Manual,80,38,Yes,48315,2332,54568,6253
2018-19,2018,Rabi,Kalaburagi,North,medium-low,18986,50863,2679,57,136,29.8,68,7.33,0.57,257.4,22.1,248.4,191,53,58,1484,High,Low,4,MTU-1010,Direct Seeding,Sprinkler,Manual,126,27,No,49043,1927,51624,2581
2018-19,2018,Kharif,Kodagu,South,low,21330,43833,2055,48,668,29.6,78,7.13,0.36,175.3,18.3,151.0,131,111,43,1041,Low,Medium,2,Jyothi,SRI,Drip,Manual,113,25,No,49571,2138,43935,-5635
2018-19,2018,Rabi,Kodagu,South,low,25475,52198,2049,48,232,27.7,79,6.05,0.37,228.3,10.5,232.0,172,96,75,1096,Medium,High,3,Intan,SRI,Drip,Herbicide,136,36,No,40060,1931,39566,-493
2018-19,2018,Kharif,Kolar,South,medium,22960,69660,3034,61,793,24.6,67,6.04,0.41,195.4,21.7,138.9,192,115,77,1558,Medium,Medium,6,JGL-1798,Direct Seeding,Sprinkler,Manual,144,25,No,47385,2296,69660,22275
2018-19,2018,Rabi,Kolar,South,medium,22631,54857,2424,61,368,26.8,75,7.35,0.31,292.0,16.8,146.4,128,69,47,1746,High,Low,3,IR-64,Direct Seeding,Drip,Mixed,81,38,Yes,41636,2172,52649,11013
2018-19,2018,Kharif,Koppal,North,high,85265,362461,4251,85,1041,23.0,70,6.76,0.44,294.2,26.9,180.7,110,57,58,1660,High,Low,3,IR-64,SRI,Flood Irrigation,Mixed,111,22,No,40814,1841,78260,37446
2018-19,2018,Rabi,Koppal,North,high,43657,181700,4162,85,242,22.9,66,7.1,0.76,285.9,12.7,145.4,126,79,45,1699,High,Medium,5,BPT-5204,SRI,Flood Irrigation,Herbicide,89,21,No,38814,2252,93728,54914
2018-19,2018,Kharif,Mandya,South,high,41122,207542,5047,90,502,27.4,66,6.9,0.45,151.4,18.6,235.7,192,106,79,1816,Low,High,6,MTU-1010,Direct Seeding,Flood Irrigation,Herbicide,132,34,No,51141,2446,123449,72308
2018-19,2018,Rabi,Mandya,South,high,25955,113708,4381,90,347,27.1,80,6.45,0.73,187.4,15.5,184.2,139,106,37,873,Medium,Low,4,Intan,Direct Seeding,Drip,Manual,102,17,No,44982,1896,83063,38081
2018-19,2018,Kharif,Mysuru,South,medium,50147,174461,3479,70,1053,28.9,65,6.29,0.35,184.8,16.1,145.8,198,117,60,710,High,Medium,6,JGL-1798,SRI,Sprinkler,Manual,121,20,Yes,47983,1975,68710,20727
2018-19,2018,Rabi,Mysuru,South,medium,26805,77654,2897,70,180,25.3,76,7.47,0.63,268.3,25.6,140.4,133,110,49,1259,Low,Medium,4,Rasi,Direct Seeding,Sprinkler,Herbicide,137,24,No,53457,2202,63791,10334
2018-19,2018,Kharif,Raichur,North,high,92747,434241,4682,82,1180,31.4,61,7.45,0.48,270.8,29.5,215.1,102,75,43,1855,High,Medium,4,MTU-1010,Direct Seeding,Flood Irrigation,Herbicide,134,40,No,45672,2371,111010,65338
2018-19,2018,Rabi,Raichur,North,high,41645,193899,4656,82,210,28.2,74,7.28,0.35,186.5,16.5,172.0,192,110,32,1850,Medium,High,5,JGL-1798,Direct Seeding,Sprinkler,Mixed,128,16,Yes,36838,2454,114258,77420
2018-19,2018,Kharif,Ramanagara,South,medium,30414,89265,2935,66,778,26.4,69,6.17,0.37,262.5,16.5,216.3,152,69,39,1707,Medium,High,3,Intan,Transplanting,Drip,Manual,121,33,No,53241,2343,68767,15526
2018-19,2018,Rabi,Ramanagara,South,medium,26087,69939,2681,66,111,23.4,84,6.1,0.69,256.7,16.3,228.0,198,107,77,939,Low,Medium,5,JGL-1798,Direct Seeding,Drip,Herbicide,105,36,No,43367,2418,64826,21459
2018-19,2018,Kharif,Shivamogga,Central,high,91605,475521,5191,75,543,23.2,73,6.64,0.7,269.7,26.6,109.0,165,97,31,1658,Medium,Low,6,MTU-1010,Direct Seeding,Sprinkler,Herbicide,116,33,No,37199,1877,97435,60236
2018-19,2018,Rabi,Shivamogga,Central,high,41863,154390,3688,75,385,29.8,77,6.24,0.56,277.7,21.5,170.3,183,74,78,649,High,Medium,4,Jyothi,Direct Seeding,Sprinkler,Manual,122,17,Yes,53848,2147,79181,25333
2018-19,2018,Kharif,Tumakuru,South,medium,34646,106328,3069,64,1109,29.4,73,7.33,0.5,194.1,22.5,158.5,101,78,50,1374,Low,Medium,3,Intan,SRI,Drip,Mixed,138,35,Yes,53823,2163,66382,12559
2018-19,2018,Rabi,Tumakuru,South,medium,27640,84799,3068,64,395,23.5,84,6.22,0.45,165.1,20.7,241.7,105,66,64,1213,Low,Medium,4,JGL-1798,SRI,Flood Irrigation,Manual,118,20,No,43882,2038,62525,18643
2018-19,2018,Kharif,Udupi,Coastal,medium-low,25647,69503,2710,52,427,23.4,74,6.18,0.77,153.8,27.4,228.1,126,98,33,1415,Medium,Medium,3,JGL-1798,Direct Seeding,Sprinkler,Manual,91,20,Yes,40337,2014,54579,14242
2018-19,2018,Rabi,Udupi,Coastal,medium-low,11827,30442,2574,52,283,29.5,70,6.62,0.41,163.6,20.1,171.7,165,64,59,533,Low,Medium,5,Jyothi,Transplanting,Drip,Herbicide,119,17,No,44853,2034,52355,7502
2018-19,2018,Kharif,Uttara Kannada,Coastal,medium-low,44037,94459,2145,50,1059,30.1,75,6.02,0.78,259.4,27.9,106.8,131,72,66,518,Low,High,3,JGL-1798,SRI,Drip,Manual,87,34,Yes,44603,2180,46761,2158
2018-19,2018,Rabi,Uttara Kannada,Coastal,medium-low,22001,47522,2160,50,180,26.2,65,7.4,0.78,261.3,26.2,127.2,114,70,31,1518,Low,Medium,5,Rasi,Direct Seeding,Drip,Mixed,121,15,Yes,45865,1829,39506,-6358
2018-19,2018,Kharif,Vijayapura,North,medium-low,51165,132977,2599,56,1152,30.7,73,6.07,0.49,239.8,20.5,123.7,101,94,44,688,Medium,Low,2,Jyothi,Direct Seeding,Drip,Mixed,136,19,Yes,45204,2287,59439,14235
2018-19,2018,Rabi,Vijayapura,North,medium-low,18971,50349,2654,56,231,23.3,81,6.81,0.78,250.3,11.9,173.9,173,75,38,949,High,Low,3,JGL-1798,SRI,Flood Irrigation,Mixed,92,37,No,44250,2429,64465,20215
2018-19,2018,Kharif,Yadgir,North,medium-low,21391,48493,2267,51,656,23.8,81,6.45,0.66,219.3,21.8,177.5,134,66,50,1364,Medium,High,3,Intan,SRI,Flood Irrigation,Mixed,129,35,Yes,41484,1986,45022,3538
2018-19,2018,Rabi,Yadgir,North,medium-low,9658,19287,1997,51,117,30.4,67,6.24,0.46,235.8,19.7,151.6,180,101,58,939,Medium,High,4,Intan,Direct Seeding,Flood Irrigation,Mixed,115,35,No,46051,1990,39740,-6310
2019-20,2019,Kharif,Bagalkot,North,medium,26729,85960,3216,69,899,29.7,74,6.99,0.63,201.4,20.4,109.5,146,104,71,552,High,Low,2,JGL-1798,Direct Seeding,Flood Irrigation,Manual,150,37,No,39138,2155,69304,30166
2019-20,2019,Rabi,Bagalkot,North,medium,15436,46632,3021,69,383,31.8,62,7.45,0.79,177.4,26.4,232.8,165,74,39,1893,Low,Low,3,Rasi,SRI,Drip,Mixed,99,33,Yes,52470,2171,65585,13115
2019-20,2019,Kharif,Ballari,North,high,74763,324321,4338,80,943,23.7,65,6.15,0.38,245.1,22.4,226.5,196,69,64,1748,Medium,Low,4,BPT-5204,Direct Seeding,Drip,Herbicide,146,28,No,50335,2129,92356,42021
2019-20,2019,Rabi,Ballari,North,high,23974,109009,4547,80,253,22.0,68,7.06,0.63,181.3,24.7,189.1,108,57,78,1340,Low,Low,5,MTU-1010,Transplanting,Flood Irrigation,Herbicide,100,35,No,47812,2405,109355,61543
2019-20,2019,Kharif,Belagavi,North,medium-low,24407,61725,2529,58,758,22.7,68,6.21,0.5,258.9,21.7,200.8,126,106,39,1876,Medium,Medium,2,Rasi,Transplanting,Sprinkler,Herbicide,147,18,No,42608,2476,62618,20010
2019-20,2019,Rabi,Belagavi,North,medium-low,18085,42264,2337,58,163,27.4,79,6.68,0.34,296.8,28.2,151.2,134,55,54,1023,Low,High,5,Jyothi,SRI,Flood Irrigation,Mixed,142,39,No,42360,2335,54568,12208
2019-20,2019,Kharif,Bengaluru Rural,South,medium,21021,56063,2667,63,1149,28.0,79,7.3,0.42,277.5,19.9,205.2,155,103,33,1806,Low,Medium,4,IR-64,SRI,Sprinkler,Herbicide,133,36,No,46687,1885,50272,3585
2019-20,2019,Rabi,Bengaluru Rural,South,medium,9500,23151,2437,63,348,24.4,75,6.33,0.52,189.9,29.9,223.9,162,98,68,1562,High,Medium,2,Intan,Transplanting,Sprinkler,Mixed,92,33,Yes,38849,2044,49812,10963
2019-20,2019,Kharif,Bidar,North,medium-low,30680,80841,2635,54,1126,31.0,73,7.22,0.66,156.0,22.9,166.0,158,116,32,1316,High,High,5,Rasi,Transplanting,Flood Irrigation,Mixed,103,15,No,38237,2099,55308,17071
2019-20,2019,Rabi,Bidar,North,medium-low,17558,44667,2544,54,333,30.5,68,6.54,0.64,202.9,29.3,141.5,200,56,50,1438,High,High,4,MTU-1010,Transplanting,Flood Irrigation,Mixed,150,35,No,48150,2156,54848,6698
2019-20,2019,Kharif,Chamarajanagar,South,medium,46434,145709,3138,60,911,30.6,70,6.53,0.57,270.8,29.3,147.5,139,62,76,685,High,Medium,4,Intan,Direct Seeding,Sprinkler,Manual,128,21,No,50906,2159,67749,16843
2019-20,2019,Rabi,Chamarajanagar,South,medium,16041,45652,2846,60,285,29.5,65,6.48,0.36,237.3,28.2,205.0,171,87,78,1646,High,Low,5,Intan,SRI,Flood Irrigation,Manual,91,17,No,43630,1949,55468,11838
2019-20,2019,Kharif,Chikkaballapura,South,medium,43995,120502,2739,59,762,26.0,72,6.16,0.78,272.2,27.7,144.1,172,60,50,960,Medium,Low,3,Intan,Transplanting,Sprinkler,Herbicide,83,30,Yes,42175,2051,56176,14001
2019-20,2019,Rabi,Chikkaballapura,South,medium,26903,64782,2408,59,210,23.5,69,6.37,0.31,241.8,26.8,162.2,170,74,56,881,High,High,5,Rasi,SRI,Drip,Mixed,113,37,No,43636,2241,53963,10327
2019-20,2019,Kharif,Chikkamagaluru,South,medium,31037,99908,3219,65,640,25.2,71,6.12,0.65,198.2,26.5,205.4,168,66,36,1539,High,Medium,6,IR-64,Transplanting,Sprinkler,Manual,124,37,Yes,50246,2075,66794,16548
2019-20,2019,Rabi,Chikkamagaluru,South,medium,20830,69509,3337,65,335,28.2,75,6.89,0.33,299.4,10.4,167.3,183,57,52,1476,High,Low,2,Rasi,Direct Seeding,Flood Irrigation,Mixed,115,33,No,35903,2412,80488,44585
2019-20,2019,Kharif,Chitradurga,Central,medium-low,35557,97283,2736,58,1182,31.4,72,6.32,0.53,230.8,23.5,149.6,172,115,56,795,High,High,6,IR-64,Transplanting,Sprinkler,Manual,125,33,Yes,37326,2428,66430,29104
2019-20,2019,Rabi,Chitradurga,Central,medium-low,10523,26949,2561,58,182,29.3,67,7.47,0.69,298.4,26.7,104.4,163,65,51,682,Low,Medium,6,Rasi,SRI,Drip,Herbicide,128,37,No,39538,2151,55087,15549
2019-20,2019,Kharif,Dakshina Kannada,Coastal,medium-low,24018,55865,2326,55,763,23.8,73,7.32,0.55,177.7,18.0,134.0,182,60,51,1425,Low,High,4,BPT-5204,SRI,Flood Irrigation,Mixed,87,36,No,38129,1972,45868,7739
2019-20,2019,Rabi,Dakshina Kannada,Coastal,medium-low,9274,25058,2702,55,370,22.1,70,6.58,0.31,285.8,21.3,228.9,122,74,70,1771,Medium,Low,6,JGL-1798,Direct Seeding,Flood Irrigation,Mixed,99,34,No,53808,1981,53526,-281
2019-20,2019,Kharif,Davanagere,Central,high,67359,328509,4877,78,1190,23.8,64,7.22,0.52,243.3,28.7,233.2,115,89,48,720,Medium,High,3,Intan,SRI,Flood Irrigation,Manual,143,21,Yes,46055,2265,110464,64409
2019-20,2019,Rabi,Davanagere,Central,high,45062,190837,4235,78,299,29.8,63,7.0,0.33,186.9,12.8,244.1,162,74,80,1327,Low,Medium,2,Jyothi,SRI,Sprinkler,Mixed,92,31,Yes,45503,2339,99056,53553
2019-20,2019,Kharif,Dharwad,North,medium,38264,125276,3274,67,944,27.2,84,6.82,0.4,198.0,19.0,129.7,180,104,55,1391,Medium,Low,5,BPT-5204,Direct Seeding,Flood Irrigation,Herbicide,141,34,No,45023,2309,75596,30573
2019-20,2019,Rabi,Dharwad,North,medium,25111,78823,3139,67,128,27.3,61,6.28,0.34,283.8,25.0,185.7,122,90,77,598,High,Low,2,IR-64,Direct Seeding,Flood Irrigation,Herbicide,148,16,No,51658,2336,73327,21669
2019-20,2019,Kharif,Gadag,North,medium,48993,140266,2863,60,779,28.8,61,7.37,0.35,292.5,27.8,206.9,109,76,61,923,High,High,6,BPT-5204,Transplanting,Drip,Manual,94,24,Yes,42877,2475,70859,27982
2019-20,2019,Rabi,Gadag,North,medium,25662,82246,3205,60,269,31.8,72,7.24,0.49,275.7,10.9,121.3,131,83,57,1893,High,High,4,JGL-1798,SRI,Sprinkler,Herbicide,132,37,Yes,48627,2223,71247,22620
2019-20,2019,Kharif,Hassan,South,medium,31296,101273,3236,68,594,30.2,75,6.38,0.31,253.9,10.8,215.1,116,78,34,1805,Low,Low,3,MTU-1010,Direct Seeding,Flood Irrigation,Manual,148,25,Yes,43404,2497,80802,37398
2019-20,2019,Rabi,Hassan,South,medium,23671,83511,3528,68,303,24.8,69,6.43,0.59,166.3,12.4,223.4,125,61,65,1519,Low,Low,6,BPT-5204,Direct Seeding,Drip,Manual,94,22,Yes,47716,1988,70136,22420
2019-20,2019,Kharif,Haveri,North,medium,20293,70781,3488,62,469,24.4,79,6.56,0.67,216.3,25.4,199.4,164,74,79,930,High,Medium,2,Intan,Transplanting,Flood Irrigation,Herbicide,112,20,No,50139,2005,69934,19795
2019-20,2019,Rabi,Haveri,North,medium,27437,84259,3071,62,300,25.8,69,6.76,0.41,244.1,16.7,208.2,103,106,34,1003,High,High,4,Intan,Transplanting,Flood Irrigation,Mixed,120,16,Yes,37134,2219,68145,31011
2019-20,2019,Kharif,Kalaburagi,North,medium-low,36579,99202,2712,57,1033,29.2,83,7.4,0.49,171.5,12.1,135.0,148,50,66,619,Medium,High,2,MTU-1010,Transplanting,Sprinkler,Manual,149,17,Yes,50611,2385,64681,14070
2019-20,2019,Rabi,Kalaburagi,North,medium-low,22254,52652,2366,57,298,26.5,83,6.36,0.55,187.5,29.6,195.5,161,69,59,1598,Medium,Low,3,IR-64,SRI,Sprinkler,Manual,129,23,Yes,47061,1821,43084,-3976
2019-20,2019,Kharif,Kodagu,South,low,33343,83190,2495,48,547,22.4,73,7.07,0.57,184.0,18.0,226.0,145,76,55,1362,Medium,Medium,5,Jyothi,Direct Seeding,Drip,Herbicide,123,25,No,39361,2342,58432,19071
2019-20,2019,Rabi,Kodagu,South,low,13395,26053,1945,48,197,27.7,83,6.99,0.61,285.1,21.0,214.6,152,97,71,1128,Low,Medium,3,Jyothi,Transplanting,Sprinkler,Mixed,137,24,No,36667,2004,38977,2310
2019-20,2019,Kharif,Kolar,South,medium,25300,71396,2822,61,560,28.6,76,6.65,0.77,153.6,14.1,185.1,122,84,77,1893,High,Low,5,Intan,Transplanting,Flood Irrigation,Herbicide,120,29,Yes,39278,2298,64849,25571
2019-20,2019,Rabi,Kolar,South,medium,15621,43348,2775,61,371,29.4,61,7.01,0.69,162.9,10.2,229.3,106,92,35,1141,Medium,Low,3,JGL-1798,Direct Seeding,Flood Irrigation,Herbicide,120,33,No,50567,2146,59551,8984
2019-20,2019,Kharif,Koppal,North,high,87070,389289,4471,85,710,23.0,77,6.24,0.74,174.5,12.4,236.5,152,70,65,1631,High,Medium,4,Rasi,Transplanting,Flood Irrigation,Mixed,98,29,Yes,36290,1938,86647,50357
2019-20,2019,Rabi,Koppal,North,high,33858,150532,4446,85,344,23.7,60,6.88,0.79,204.4,18.8,185.8,157,52,61,1875,High,Medium,4,BPT-5204,Direct Seeding,Flood Irrigation,Manual,97,34,No,47898,1953,86830,38932
2019-20,2019,Kharif,Mandya,South,high,42638,248536,5829,90,1084,24.0,80,6.48,0.66,292.3,11.7,190.4,163,52,69,1708,Medium,Low,4,MTU-1010,Direct Seeding,Flood Irrigation,Mixed,115,31,Yes,51043,2126,123924,72881
2019-20,2019,Rabi,Mandya,South,high,25216,101494,4025,90,222,29.0,68,6.67,0.52,156.1,25.0,214.0,158,60,51,1629,Low,Low,6,BPT-5204,SRI,Sprinkler,Manual,118,27,Yes,50404,2189,88107,37703
2019-20,2019,Kharif,Mysuru,South,medium,31717,97624,3078,70,1088,24.7,72,6.5,0.7,278.0,25.7,161.1,143,66,52,1972,Medium,High,3,Jyothi,Direct Seeding,Drip,Manual,137,36,Yes,45440,2321,71440,26000
2019-20,2019,Rabi,Mysuru,South,medium,27321,78438,2871,70,165,30.1,63,6.36,0.39,159.7,21.4,135.5,111,59,30,1980,Low,High,4,MTU-1010,SRI,Flood Irrigation,Manual,138,35,No,38467,2427,69679,31212
2019-20,2019,Kharif,Raichur,North,high,43462,182192,4192,82,542,24.0,83,7.39,0.39,257.7,11.8,164.9,187,79,43,602,High,Low,5,IR-64,SRI,Sprinkler,Manual,140,21,No,54839,1990,83420,28581
2019-20,2019,Rabi,Raichur,North,high,37422,153467,4101,82,131,26.4,76,6.01,0.39,179.7,12.9,181.3,124,65,74,655,Low,Low,4,MTU-1010,Transplanting,Flood Irrigation,Herbicide,117,34,No,51602,2455,100679,49077
2019-20,2019,Kharif,Ramanagara,South,medium,27857,80729,2898,66,656,30.2,83,6.36,0.3,283.6,23.7,142.2,120,58,33,628,Medium,Medium,2,Intan,Direct Seeding,Flood Irrigation,Mixed,137,15,Yes,45433,2402,69609,24176
2019-20,2019,Rabi,Ramanagara,South,medium,24809,79512,3205,66,285,29.0,79,7.02,0.33,189.4,26.8,167.6,195,111,53,1523,Medium,Medium,4,Intan,SRI,Flood Irrigation,Manual,101,16,No,48426,2276,72945,24519
2019-20,2019,Kharif,Shivamogga,Central,high,68929,302529,4389,75,812,26.6,74,6.68,0.37,262.6,18.4,103.7,117,90,54,1794,Low,Medium,4,BPT-5204,Direct Seeding,Sprinkler,Manual,99,33,Yes,42110,1897,83259,41149
2019-20,2019,Rabi,Shivamogga,Central,high,19141,77846,4067,75,176,24.7,66,6.03,0.5,195.5,29.1,182.4,129,74,61,1742,High,Medium,5,Jyothi,Transplanting,Drip,Mixed,87,26,Yes,37192,2131,86667,49475
2019-20,2019,Kharif,Tumakuru,South,medium,43624,132616,3040,64,696,23.4,76,7.42,0.7,212.5,10.3,146.2,120,93,70,1136,High,High,5,Intan,Transplanting,Sprinkler,Manual,147,24,No,47234,1931,58702,11468
2019-20,2019,Rabi,Tumakuru,South,medium,16698,47338,2835,64,342,22.6,74,6.56,0.42,291.7,23.8,236.5,140,110,80,1074,High,Medium,6,MTU-1010,Direct Seeding,Sprinkler,Manual,96,25,Yes,54426,2424,68720,14294
2019-20,2019,Kharif,Udupi,Coastal,medium-low,26044,71751,2755,52,655,26.9,75,7.34,0.46,282.1,17.7,122.3,141,60,63,1505,Medium,High,4,BPT-5204,Direct Seeding,Drip,Manual,115,37,Yes,46920,1860,51243,4323
2019-20,2019,Rabi,Udupi,Coastal,medium-low,18802,40236,2140,52,101,25.3,79,6.72,0.37,190.9,16.4,247.8,177,118,42,1822,Low,High,6,BPT-5204,Direct Seeding,Sprinkler,Manual,104,31,No,43133,2185,46759,3626
2019-20,2019,Kharif,Uttara Kannada,Coastal,medium-low,33014,85341,2585,50,411,25.0,66,6.22,0.31,247.7,25.2,111.8,159,68,58,1781,Medium,High,3,Intan,Direct Seeding,Drip,Manual,115,29,No,41480,2421,62582,21102
2019-20,2019,Rabi,Uttara Kannada,Coastal,medium-low,18389,38488,2093,50,400,23.3,60,6.19,0.73,232.9,17.4,147.3,192,98,65,552,High,Medium,4,Jyothi,Transplanting,Drip,Mixed,84,35,No,45617,2379,49792,4175
2019-20,2019,Kharif,Vijayapura,North,medium-low,45516,122301,2687,56,923,22.6,82,7.07,0.55,289.0,12.8,115.3,120,80,35,1237,Medium,Medium,2,Jyothi,Direct Seeding,Flood Irrigation,Herbicide,131,32,Yes,52192,2226,59812,7620
2019-20,2019,Rabi,Vijayapura,North,medium-low,22194,57593,2595,56,179,27.5,62,7.22,0.52,167.3,28.2,139.1,130,57,71,1899,High,Low,2,Rasi,SRI,Flood Irrigation,Herbicide,85,16,Yes,42623,1956,50758,8135
2019-20,2019,Kharif,Yadgir,North,medium-low,49790,109786,2205,51,727,25.2,84,6.95,0.5,226.5,15.8,103.5,191,103,65,639,Low,Low,6,BPT-5204,Transplanting,Flood Irrigation,Mixed,142,15,No,37641,2395,52809,15168
2019-20,2019,Rabi,Yadgir,North,medium-low,27035,58206,2153,51,184,26.0,64,6.8,0.76,261.6,15.6,183.4,165,99,40,912,High,Medium,4,JGL-1798,Direct Seeding,Drip,Herbicide,95,35,No,49799,1829,39378,-10420
2020-21,2020,Kharif,Bagalkot,North,medium,33398,116358,3484,69,1067,28.7,84,6.61,0.39,156.2,26.1,211.4,126,75,78,1667,High,High,4,MTU-1010,SRI,Sprinkler,Manual,118,26,No,36781,2463,85810,49029
2020-21,2020,Rabi,Bagalkot,North,medium,21578,61324,2842,69,229,24.2,60,6.46,0.41,177.1,16.7,174.9,192,99,76,1170,Medium,Medium,6,MTU-1010,Transplanting,Drip,Herbicide,116,40,Yes,37545,2431,69089,31544
2020-21,2020,Kharif,Ballari,North,high,41783,219235,5247,80,431,28.2,60,7.42,0.77,195.5,17.6,185.2,120,62,33,1253,Low,High,3,Jyothi,SRI,Drip,Manual,115,28,Yes,44747,1835,96282,51535
2020-21,2020,Rabi,Ballari,North,high,23009,93025,4043,80,234,26.6,85,7.37,0.36,245.5,29.0,218.9,160,72,30,730,Low,High,3,Jyothi,SRI,Sprinkler,Mixed,114,23,Yes,53455,2291,92625,39170
2020-21,2020,Kharif,Belagavi,North,medium-low,19264,56193,2917,58,556,24.2,72,7.02,0.31,224.6,26.6,161.9,101,55,72,629,Medium,High,4,Rasi,Direct Seeding,Flood Irrigation,Herbicide,83,36,No,41162,2040,59506,18344
2020-21,2020,Rabi,Belagavi,North,medium-low,22844,56127,2457,58,100,32.0,61,7.31,0.72,215.3,29.0,173.3,129,56,48,1245,Low,High,4,Jyothi,Direct Seeding,Sprinkler,Manual,127,36,No,53055,2353,57813,4758
2020-21,2020,Kharif,Bengaluru Rural,South,medium,22311,64300,2882,63,1054,25.5,65,6.87,0.49,297.5,25.3,122.1,186,113,73,1610,Medium,Medium,5,BPT-5204,SRI,Drip,Manual,122,26,No,49770,2352,67784,18014
2020-21,2020,Rabi,Bengaluru Rural,South,medium,26271,76290,2904,63,121,25.4,80,6.22,0.47,244.9,24.9,227.7,173,67,80,921,High,Medium,2,MTU-1010,Direct Seeding,Flood Irrigation,Mixed,149,16,Yes,53856,1804,52388,-1467
2020-21,2020,Kharif,Bidar,North,medium-low,26343,76605,2908,54,1080,31.4,83,6.34,0.65,200.2,12.3,209.8,147,120,55,1571,High,Medium,3,Intan,Direct Seeding,Sprinkler,Herbicide,93,22,No,40102,1992,57927,17825
2020-21,2020,Rabi,Bidar,North,medium-low,23373,47470,2031,54,358,30.0,75,6.22,0.34,292.5,14.8,160.9,126,119,70,697,Low,Low,2,BPT-5204,Direct Seeding,Flood Irrigation,Manual,103,39,Yes,37196,2059,41818,4622
2020-21,2020,Kharif,Chamarajanagar,South,medium,33659,109862,3264,60,832,31.4,81,6.6,0.65,195.0,17.8,131.3,154,111,70,1759,High,Low,5,BPT-5204,Direct Seeding,Drip,Herbicide,83,23,No,47574,2351,76736,29162
2020-21,2020,Rabi,Chamarajanagar,South,medium,24439,57113,2337,60,400,28.2,71,7.42,0.64,299.2,17.6,244.4,197,61,60,1016,High,Low,2,JGL-1798,SRI,Sprinkler,Mixed,92,29,No,46055,2047,47838,1783
2020-21,2020,Kharif,Chikkaballapura,South,medium,39244,128681,3279,59,435,25.2,77,7.17,0.73,182.5,18.2,101.5,116,53,62,1410,Low,High,3,Jyothi,Direct Seeding,Sprinkler,Mixed,129,40,Yes,43296,2399,78663,35367
2020-21,2020,Rabi,Chikkaballapura,South,medium,11456,31744,2771,59,351,23.7,74,6.44,0.38,193.5,16.6,116.5,119,59,42,1487,Medium,Low,2,Jyothi,SRI,Sprinkler,Manual,128,16,No,40985,2028,56195,15210
2020-21,2020,Kharif,Chikkamagaluru,South,medium,29499,109588,3715,65,997,30.5,67,7.07,0.7,292.2,12.3,124.7,116,53,58,1516,Medium,High,5,BPT-5204,SRI,Sprinkler,Mixed,127,35,Yes,48717,2285,84887,36170
2020-21,2020,Rabi,Chikkamagaluru,South,medium,9781,28051,2868,65,385,29.0,62,6.1,0.43,292.3,17.2,160.2,131,67,37,549,Low,Low,6,JGL-1798,SRI,Flood Irrigation,Herbicide,149,26,No,50659,1868,53574,2915
2020-21,2020,Kharif,Chitradurga,Central,medium-low,46135,135175,2930,58,996,26.1,77,6.06,0.4,195.1,24.9,158.6,147,57,62,524,Low,High,4,Intan,SRI,Flood Irrigation,Herbicide,97,25,Yes,50741,2018,59127,8386
2020-21,2020,Rabi,Chitradurga,Central,medium-low,12869,34385,2672,58,344,26.8,63,6.26,0.58,244.1,27.2,110.6,185,66,62,797,Low,Medium,6,BPT-5204,SRI,Flood Irrigation,Manual,132,35,No,42384,2068,55256,12872
2020-21,2020,Kharif,Dakshina Kannada,Coastal,medium-low,31951,73934,2314,55,842,22.4,70,7.17,0.31,250.7,28.6,158.6,177,78,77,760,Medium,High,6,Jyothi,SRI,Sprinkler,Manual,110,34,No,51290,1876,43410,-7879
2020-21,2020,Rabi,Dakshina Kannada,Coastal,medium-low,17729,43826,2472,55,313,22.7,62,7.06,0.69,265.9,10.8,141.6,135,109,71,1199,Medium,High,6,IR-64,Direct Seeding,Drip,Mixed,142,27,Yes,50378,2145,53024,2646
2020-21,2020,Kharif,Davanagere,Central,high,40579,197700,4872,78,750,27.3,79,6.95,0.43,190.2,15.4,143.3,165,79,50,1163,Low,High,3,IR-64,Direct Seeding,Flood Irrigation,Herbicide,146,36,No,44126,2070,100850,56724
2020-21,2020,Rabi,Davanagere,Central,high,42030,172323,4100,78,196,29.7,85,6.21,0.68,194.3,23.7,154.2,169,120,50,918,Medium,High,6,JGL-1798,Transplanting,Sprinkler,Mixed,117,35,Yes,41741,2412,98892,57151
2020-21,2020,Kharif,Dharwad,North,medium,46133,154222,3343,67,745,23.8,80,7.21,0.49,208.7,24.3,239.9,158,118,51,799,Medium,High,2,IR-64,Transplanting,Drip,Mixed,130,15,Yes,41190,2060,68865,27675
2020-21,2020,Rabi,Dharwad,North,medium,18969,54858,2892,67,381,27.8,68,6.77,0.51,189.9,29.6,194.2,162,63,60,1395,Medium,Medium,2,JGL-1798,Transplanting,Flood Irrigation,Herbicide,86,16,Yes,44088,1910,55237,11149
2020-21,2020,Kharif,Gadag,North,medium,37204,119015,3199,60,530,29.8,83,7.03,0.4,283.7,21.3,101.5,143,85,48,1380,Low,Low,3,Intan,SRI,Sprinkler,Herbicide,150,26,Yes,39971,1823,58317,18346
2020-21,2020,Rabi,Gadag,North,medium,20137,59404,2950,60,212,23.7,72,6.3,0.61,293.2,11.8,211.1,134,112,37,695,Low,Medium,3,JGL-1798,Direct Seeding,Sprinkler,Manual,102,22,No,38518,1803,53188,14670
2020-21,2020,Kharif,Hassan,South,medium,25754,93770,3641,68,845,27.8,79,7.27,0.52,184.8,26.9,161.3,156,106,39,1287,High,Medium,2,Intan,Direct Seeding,Flood Irrigation,Mixed,142,28,No,45553,1821,66302,20749
2020-21,2020,Rabi,Hassan,South,medium,19049,60251,3163,68,298,30.4,79,6.31,0.37,161.6,26.7,202.5,121,101,43,946,Medium,Medium,5,IR-64,Transplanting,Sprinkler,Herbicide,109,27,No,35795,2376,75152,39357
2020-21,2020,Kharif,Haveri,North,medium,25949,88070,3394,62,466,26.5,85,6.03,0.59,203.9,10.4,165.4,157,104,35,1395,Medium,Medium,3,IR-64,Direct Seeding,Drip,Herbicide,100,20,Yes,54185,2460,83492,29307
2020-21,2020,Rabi,Haveri,North,medium,19410,59161,3048,62,200,30.5,72,6.55,0.68,163.5,28.3,113.9,189,120,33,1012,Low,High,4,Jyothi,Transplanting,Drip,Manual,135,23,Yes,42506,2219,67635,25129
2020-21,2020,Kharif,Kalaburagi,North,medium-low,28446,69607,2447,57,468,24.3,62,6.93,0.59,267.5,27.4,230.0,194,72,48,1622,Medium,Medium,3,JGL-1798,Transplanting,Flood Irrigation,Mixed,89,17,Yes,43816,1983,48524,4708
2020-21,2020,Rabi,Kalaburagi,North,medium-low,19744,43456,2201,57,336,27.5,71,7.08,0.38,289.8,14.9,101.3,121,84,62,542,High,High,2,Jyothi,Transplanting,Flood Irrigation,Manual,140,19,Yes,42927,2423,53330,10403
2020-21,2020,Kharif,Kodagu,South,low,47772,106388,2227,48,685,26.6,74,6.26,0.35,187.2,22.8,213.2,108,98,38,501,Medium,Medium,6,MTU-1010,Direct Seeding,Sprinkler,Herbicide,150,32,No,52204,2277,50708,-1495
2020-21,2020,Rabi,Kodagu,South,low,22002,52078,2367,48,281,29.9,78,7.08,0.67,262.7,20.5,161.2,164,113,38,574,Low,Low,6,IR-64,Direct Seeding,Flood Irrigation,Mixed,132,27,No,44814,2182,51647,6833
2020-21,2020,Kharif,Kolar,South,medium,17807,50162,2817,61,603,29.5,66,6.65,0.62,172.1,27.3,218.6,195,67,71,1118,Medium,Low,3,BPT-5204,Transplanting,Drip,Herbicide,142,27,No,50243,2180,61410,11167
2020-21,2020,Rabi,Kolar,South,medium,26681,66195,2481,61,166,26.2,61,6.37,0.37,246.0,12.0,156.1,144,109,54,1838,Medium,Low,6,IR-64,Direct Seeding,Sprinkler,Mixed,141,16,No,37220,2160,53589,16369
2020-21,2020,Kharif,Koppal,North,high,58362,263329,4512,85,918,23.7,63,6.22,0.66,190.4,10.5,132.8,166,97,31,1418,Medium,Medium,6,Jyothi,Direct Seeding,Sprinkler,Herbicide,116,26,Yes,51940,2399,108242,56302
2020-21,2020,Rabi,Koppal,North,high,23137,115569,4995,85,349,26.3,76,6.05,0.69,259.3,21.3,110.1,119,98,51,1852,High,Medium,4,JGL-1798,Transplanting,Flood Irrigation,Manual,129,23,No,42216,1842,92007,49791
2020-21,2020,Kharif,Mandya,South,high,37105,178846,4820,90,536,23.9,78,6.29,0.7,282.5,18.5,185.2,126,50,34,834,Low,Medium,5,MTU-1010,Transplanting,Flood Irrigation,Herbicide,101,36,No,38743,1881,90664,51921
2020-21,2020,Rabi,Mandya,South,high,44883,205878,4587,90,275,28.2,71,7.28,0.78,188.7,21.2,233.4,194,92,70,1861,Medium,High,3,Rasi,SRI,Sprinkler,Mixed,146,36,No,54459,2051,94079,39620
2020-21,2020,Kharif,Mysuru,South,medium,25288,98319,3888,70,844,26.8,70,7.41,0.45,295.9,29.8,107.7,175,88,46,718,Low,High,3,MTU-1010,Transplanting,Flood Irrigation,Herbicide,99,18,No,48521,2209,85885,37364
2020-21,2020,Rabi,Mysuru,South,medium,17461,57691,3304,70,253,22.8,65,6.93,0.77,249.4,25.5,238.9,107,105,55,1385,Low,Medium,5,BPT-5204,Direct Seeding,Drip,Manual,119,22,No,51117,2205,72853,21736
2020-21,2020,Kharif,Raichur,North,high,77364,342567,4428,82,840,30.5,69,6.36,0.7,200.4,22.0,189.0,110,62,35,668,High,Low,3,Intan,Direct Seeding,Drip,Manual,99,16,Yes,50440,1981,87718,37278
2020-21,2020,Rabi,Raichur,North,high,19529,76553,3920,82,287,28.8,82,6.54,0.59,156.1,27.9,149.5,104,60,32,1758,Low,Low,3,Jyothi,Direct Seeding,Flood Irrigation,Herbicide,117,34,Yes,44320,1941,76087,31767
2020-21,2020,Kharif,Ramanagara,South,medium,19327,60551,3133,66,666,23.6,84,7.05,0.35,241.0,23.8,104.8,143,70,74,1468,Medium,Medium,6,IR-64,Direct Seeding,Sprinkler,Mixed,131,28,Yes,45135,2482,77761,32626
2020-21,2020,Rabi,Ramanagara,South,medium,15616,41304,2645,66,336,23.5,64,6.06,0.33,281.3,13.0,249.7,116,69,76,650,Medium,Medium,4,Intan,Transplanting,Sprinkler,Herbicide,135,28,Yes,53091,2401,63506,10415
2020-21,2020,Kharif,Shivamogga,Central,high,56223,293877,5227,75,614,31.0,80,6.05,0.38,178.7,11.3,104.7,132,99,41,1519,Medium,High,5,MTU-1010,SRI,Drip,Herbicide,97,25,No,45314,2380,124402,79088
2020-21,2020,Rabi,Shivamogga,Central,high,46095,176543,3830,75,184,31.5,73,6.14,0.74,200.2,10.8,121.1,165,113,47,914,High,Low,5,BPT-5204,Transplanting,Sprinkler,Herbicide,123,40,No,46048,1802,69016,22968
2020-21,2020,Kharif,Tumakuru,South,medium,20792,63623,3060,64,913,24.0,64,6.5,0.63,260.5,20.1,179.6,167,75,57,1997,Low,Medium,6,Intan,Direct Seeding,Sprinkler,Herbicide,85,24,No,35587,2217,67840,32253
2020-21,2020,Rabi,Tumakuru,South,medium,20846,60411,2898,64,132,26.7,73,7.39,0.76,241.3,14.6,147.3,175,78,58,1042,Medium,High,2,MTU-1010,Transplanting,Sprinkler,Mixed,112,27,No,35140,2343,67900,32760
2020-21,2020,Kharif,Udupi,Coastal,medium-low,25400,56337,2218,52,860,24.4,60,6.65,0.78,270.4,15.5,222.2,169,103,31,1527,High,High,4,MTU-1010,SRI,Sprinkler,Manual,143,33,Yes,52501,2477,54939,2438
2020-21,2020,Rabi,Udupi,Coastal,medium-low,20110,43880,2182,52,159,30.6,72,6.84,0.46,231.8,14.0,202.8,110,92,71,1002,Medium,Low,2,JGL-1798,SRI,Sprinkler,Herbicide,101,36,No,43424,2225,48549,5125
2020-21,2020,Kharif,Uttara Kannada,Coastal,medium-low,22909,62793,2741,50,608,29.3,71,6.15,0.77,196.4,20.8,182.3,108,59,39,748,Low,Low,2,MTU-1010,Direct Seeding,Flood Irrigation,Manual,137,25,Yes,51399,2347,64331,12932
2020-21,2020,Rabi,Uttara Kannada,Coastal,medium-low,18377,41329,2249,50,346,28.7,68,7.18,0.48,163.8,13.5,221.0,169,82,76,537,High,Low,2,JGL-1798,Transplanting,Drip,Manual,146,37,Yes,50685,2446,55010,4325
2020-21,2020,Kharif,Vijayapura,North,medium-low,29918,68811,2300,56,798,29.9,73,6.16,0.56,271.8,14.2,128.5,181,111,79,1700,High,High,2,Rasi,Transplanting,Sprinkler,Herbicide,138,27,No,47087,2003,46069,-1018
2020-21,2020,Rabi,Vijayapura,North,medium-low,27031,56900,2105,56,331,23.9,78,6.53,0.79,290.1,23.0,162.3,100,90,59,674,Low,Low,6,Intan,SRI,Flood Irrigation,Mixed,97,30,No,53139,2364,49762,-3376
2020-21,2020,Kharif,Yadgir,North,medium-low,43765,116064,2652,51,522,28.2,61,7.18,0.62,186.9,20.7,163.8,104,63,33,1114,High,Low,4,MTU-1010,Direct Seeding,Flood Irrigation,Herbicide,123,28,Yes,52398,2172,57601,5203
2020-21,2020,Rabi,Yadgir,North,medium-low,10609,23870,2250,51,253,26.1,60,7.47,0.46,256.8,27.4,239.7,177,62,53,732,Low,Medium,4,IR-64,Transplanting,Flood Irrigation,Mixed,107,33,Yes,42586,1850,41625,-961
2021-22,2021,Kharif,Bagalkot,North,medium,26773,86128,3217,69,1178,27.5,77,7.37,0.34,256.9,28.7,230.5,169,88,65,1847,Medium,Low,5,MTU-1010,Transplanting,Drip,Herbicide,91,36,No,43816,1853,59611,15795
2021-22,2021,Rabi,Bagalkot,North,medium,11675,31709,2716,69,102,23.1,75,6.06,0.7,210.9,12.1,123.8,171,81,35,1184,Low,Low,6,Rasi,Transplanting,Sprinkler,Manual,140,21,Yes,40549,2498,67845,27296
2021-22,2021,Kharif,Ballari,North,high,70553,308951,4379,80,817,22.1,76,7.31,0.59,259.5,26.8,173.9,130,57,57,932,High,High,5,JGL-1798,SRI,Drip,Herbicide,97,27,No,53950,2094,91696,37746
2021-22,2021,Rabi,Ballari,North,high,28553,113983,3992,80,163,29.1,68,6.97,0.55,296.7,18.1,128.7,132,66,66,877,High,High,2,Rasi,Transplanting,Flood Irrigation,Mixed,85,22,Yes,36525,1873,74770,38245
2021-22,2021,Kharif,Belagavi,North,medium-low,41635,111248,2672,58,623,24.8,63,6.86,0.63,257.6,26.6,102.1,113,93,43,1415,Low,Low,2,MTU-1010,Direct Seeding,Drip,Herbicide,128,36,No,49529,2479,66238,16709
2021-22,2021,Rabi,Belagavi,North,medium-low,12945,35702,2758,58,174,24.1,71,6.28,0.63,292.0,14.9,173.3,135,105,33,1016,Low,Medium,5,JGL-1798,Transplanting,Flood Irrigation,Mixed,138,31,No,41679,2223,61310,19631
2021-22,2021,Kharif,Bengaluru Rural,South,medium,20718,70026,3380,63,544,24.8,65,6.64,0.31,267.9,20.6,188.0,144,88,71,959,Medium,Low,4,MTU-1010,Direct Seeding,Drip,Herbicide,100,30,Yes,49356,1936,65436,16080
2021-22,2021,Rabi,Bengaluru Rural,South,medium,9324,27944,2997,63,348,25.8,77,6.76,0.77,166.5,24.4,178.3,188,62,47,1848,High,Medium,5,BPT-5204,Transplanting,Sprinkler,Manual,110,24,No,43005,2484,74445,31440
2021-22,2021,Kharif,Bidar,North,medium-low,36962,105933,2866,54,988,30.0,76,7.38,0.61,296.6,10.1,243.8,141,120,56,1663,Medium,Low,5,JGL-1798,Transplanting,Flood Irrigation,Mixed,119,38,No,43230,2078,59555,16325
2021-22,2021,Rabi,Bidar,North,medium-low,20497,44621,2177,54,305,28.7,79,6.85,0.48,207.0,22.5,233.5,141,55,51,1230,Medium,Low,6,IR-64,Direct Seeding,Flood Irrigation,Herbicide,82,37,Yes,38381,2378,51769,13388
2021-22,2021,Kharif,Chamarajanagar,South,medium,49359,128925,2612,60,820,30.7,66,6.7,0.57,260.8,12.1,248.5,170,106,75,777,Low,High,3,JGL-1798,Direct Seeding,Flood Irrigation,Manual,112,15,No,38941,2087,54512,15571
2021-22,2021,Rabi,Chamarajanagar,South,medium,21612,58676,2715,60,330,30.9,62,6.51,0.42,167.8,26.1,218.7,168,80,32,1474,High,Medium,6,JGL-1798,SRI,Sprinkler,Mixed,80,30,Yes,48494,2138,58046,9552
2021-22,2021,Kharif,Chikkaballapura,South,medium,20339,52128,2563,59,996,24.3,78,6.42,0.51,202.3,17.1,167.9,189,71,31,699,High,High,2,Rasi,Direct Seeding,Flood Irrigation,Manual,100,22,Yes,40878,2000,51260,10382
2021-22,2021,Rabi,Chikkaballapura,South,medium,25230,61182,2425,59,167,24.9,61,6.99,0.41,170.2,12.4,236.8,126,96,70,1113,High,Medium,3,Rasi,Transplanting,Flood Irrigation,Herbicide,128,15,Yes,47272,1835,44498,-2773
2021-22,2021,Kharif,Chikkamagaluru,South,medium,36127,110801,3067,65,830,23.1,84,6.24,0.34,212.3,18.7,205.0,121,84,75,1565,High,High,6,Intan,SRI,Drip,Herbicide,100,34,Yes,49714,2235,68547,18833
2021-22,2021,Rabi,Chikkamagaluru,South,medium,12366,39212,3171,65,327,24.8,68,6.91,0.76,269.7,26.7,129.4,137,98,79,1596,Medium,Low,6,BPT-5204,SRI,Flood Irrigation,Manual,109,38,Yes,53352,2290,72615,19263
2021-22,2021,Kharif,Chitradurga,Central,medium-low,31080,97746,3145,58,994,29.1,64,6.08,0.39,281.4,26.0,136.1,106,115,68,1613,Low,Low,6,Intan,Transplanting,Drip,Mixed,148,17,No,43557,2140,67303,23746
2021-22,2021,Rabi,Chitradurga,Central,medium-low,19765,45617,2308,58,191,22.4,75,7.28,0.4,270.4,14.4,195.4,166,68,69,1405,Low,Medium,6,BPT-5204,SRI,Drip,Herbicide,101,36,No,46065,1830,42236,-3828
2021-22,2021,Kharif,Dakshina Kannada,Coastal,medium-low,17897,51060,2853,55,1198,22.3,81,7.04,0.73,258.5,11.7,124.7,195,60,35,1908,Low,Medium,2,Jyothi,SRI,Sprinkler,Herbicide,87,40,Yes,39907,2161,61653,21746
2021-22,2021,Rabi,Dakshina Kannada,Coastal,medium-low,15129,35386,2339,55,158,29.9,76,6.97,0.68,189.1,11.7,221.9,176,119,60,1088,Medium,High,2,JGL-1798,Transplanting,Drip,Mixed,85,25,No,50364,1841,43060,-7303
2021-22,2021,Kharif,Davanagere,Central,high,70369,319756,4544,78,426,22.4,61,6.0,0.43,186.8,16.9,151.2,146,116,47,1585,Low,Medium,5,Intan,Transplanting,Flood Irrigation,Herbicide,99,40,No,51766,2033,92379,40613
2021-22,2021,Rabi,Davanagere,Central,high,30606,123923,4049,78,125,25.7,65,7.18,0.49,156.3,24.3,193.8,106,102,43,992,Medium,High,6,Intan,Direct Seeding,Sprinkler,Herbicide,82,39,Yes,39121,1866,75554,36433
2021-22,2021,Kharif,Dharwad,North,medium,18904,57127,3022,67,448,31.3,72,6.38,0.56,283.5,28.3,210.8,133,83,71,863,High,Medium,5,JGL-1798,SRI,Flood Irrigation,Herbicide,104,31,Yes,48097,2074,62676,14579
2021-22,2021,Rabi,Dharwad,North,medium,13743,36528,2658,67,133,23.4,72,6.93,0.45,175.6,21.4,200.4,193,89,56,1109,Low,Low,3,Jyothi,SRI,Flood Irrigation,Herbicide,147,28,Yes,38410,2117,56269,17859
2021-22,2021,Kharif,Gadag,North,medium,45071,133365,2959,60,873,30.7,72,6.44,0.79,208.5,17.1,212.5,196,87,32,882,Medium,Low,4,IR-64,SRI,Sprinkler,Manual,117,21,Yes,37772,2281,67494,29722
2021-22,2021,Rabi,Gadag,North,medium,16394,44919,2740,60,243,30.6,76,6.86,0.71,225.8,28.4,215.8,193,63,53,994,High,High,6,Intan,Transplanting,Drip,Herbicide,97,29,Yes,46138,1838,50361,4223
2021-22,2021,Kharif,Hassan,South,medium,27254,100049,3671,68,458,31.9,69,6.36,0.76,181.3,25.3,153.3,167,82,67,1145,High,Low,5,Rasi,Transplanting,Flood Irrigation,Manual,91,18,No,52242,2277,83588,31346
2021-22,2021,Rabi,Hassan,South,medium,23148,81272,3511,68,163,27.4,79,7.46,0.42,163.7,23.6,173.9,117,101,71,1161,Low,Low,5,MTU-1010,Transplanting,Sprinkler,Manual,90,39,No,45729,2198,77171,31442
2021-22,2021,Kharif,Haveri,North,medium,20166,65317,3239,62,912,30.6,84,6.83,0.73,283.8,10.2,127.7,103,53,67,718,Medium,Medium,2,Intan,Transplanting,Sprinkler,Mixed,81,22,No,45939,2283,73946,28007
2021-22,2021,Rabi,Haveri,North,medium,21491,67696,3150,62,235,29.3,79,6.18,0.66,212.3,10.1,193.2,127,100,53,1748,Medium,Low,2,BPT-5204,Direct Seeding,Sprinkler,Manual,95,31,No,38566,2352,74088,35522
2021-22,2021,Kharif,Kalaburagi,North,medium-low,27348,68561,2507,57,806,27.3,70,7.26,0.59,263.5,18.1,125.6,192,70,43,1742,High,High,3,BPT-5204,Transplanting,Drip,Herbicide,122,25,No,37514,1894,47482,9968
2021-22,2021,Rabi,Kalaburagi,North,medium-low,13997,38813,2773,57,250,23.3,77,6.61,0.67,274.4,22.6,216.7,143,80,61,1309,Medium,Medium,2,Intan,SRI,Flood Irrigation,Manual,96,28,Yes,36381,1997,55376,18995
2021-22,2021,Kharif,Kodagu,South,low,48591,128474,2644,48,932,30.8,71,6.59,0.74,163.3,27.4,104.1,119,108,34,1156,High,Low,2,JGL-1798,Transplanting,Drip,Herbicide,125,16,No,51681,2363,62477,10796
2021-22,2021,Rabi,Kodagu,South,low,12588,26258,2086,48,155,26.9,75,6.64,0.58,285.4,22.4,247.6,133,87,77,582,Low,Low,4,Intan,Transplanting,Sprinkler,Herbicide,104,25,No,42779,2288,47727,4948
2021-22,2021,Kharif,Kolar,South,medium,48153,150670,3129,61,963,29.4,76,6.2,0.32,185.1,17.5,208.6,106,63,72,1258,Medium,High,2,Intan,Transplanting,Sprinkler,Herbicide,88,40,No,44363,2387,74689,30326
2021-22,2021,Rabi,Kolar,South,medium,12556,38333,3053,61,331,31.9,78,7.21,0.5,239.7,21.5,241.4,153,98,79,1845,Medium,High,6,MTU-1010,SRI,Sprinkler,Mixed,138,17,No,39757,2348,71684,31927
2021-22,2021,Kharif,Koppal,North,high,60088,305307,5081,85,1052,31.5,67,6.22,0.58,194.2,25.4,233.1,172,74,41,889,Low,Low,3,IR-64,Transplanting,Drip,Herbicide,87,28,Yes,53281,2284,116050,62769
2021-22,2021,Rabi,Koppal,North,high,24062,105367,4379,85,160,26.6,73,7.46,0.32,216.3,25.0,146.4,192,79,63,1742,Low,Medium,6,IR-64,SRI,Flood Irrigation,Mixed,97,36,Yes,44329,1803,78953,34624
2021-22,2021,Kharif,Mandya,South,high,58520,340001,5810,90,1079,23.2,64,7.35,0.58,215.1,10.6,220.7,200,68,55,1709,Medium,High,3,Jyothi,SRI,Drip,Manual,150,27,No,46295,2216,128749,82454
2021-22,2021,Rabi,Mandya,South,high,42728,174458,4083,90,210,22.1,75,7.21,0.35,274.6,27.6,215.0,167,90,66,1189,Low,Medium,3,MTU-1010,Direct Seeding,Drip,Mixed,99,22,No,51679,2078,84844,33165
2021-22,2021,Kharif,Mysuru,South,medium,39518,157637,3989,70,430,30.3,65,6.72,0.41,151.0,27.0,165.1,150,99,34,612,Low,Medium,6,JGL-1798,Transplanting,Flood Irrigation,Mixed,104,34,No,35835,1849,73756,37921
2021-22,2021,Rabi,Mysuru,South,medium,10287,32321,3142,70,128,28.1,68,6.12,0.61,161.0,24.8,108.1,152,72,70,1568,Low,High,5,Rasi,Direct Seeding,Sprinkler,Manual,86,38,No,42225,2452,77041,34816
2021-22,2021,Kharif,Raichur,North,high,53787,243171,4521,82,907,26.4,79,6.42,0.38,257.1,19.0,121.0,151,102,72,766,High,Low,4,BPT-5204,SRI,Flood Irrigation,Mixed,142,38,No,47598,1848,83548,35950
2021-22,2021,Rabi,Raichur,North,high,24296,108894,4482,82,134,29.7,68,6.03,0.77,251.2,15.3,245.5,125,75,59,975,Low,Low,4,IR-64,SRI,Flood Irrigation,Manual,124,27,Yes,50308,2357,105640,55332
2021-22,2021,Kharif,Ramanagara,South,medium,19576,61664,3150,66,609,30.5,65,7.02,0.34,174.5,17.6,132.8,154,80,62,1871,Medium,Low,5,Jyothi,SRI,Sprinkler,Herbicide,128,18,Yes,42151,2258,71127,28976
2021-22,2021,Rabi,Ramanagara,South,medium,10446,33583,3215,66,379,25.0,68,6.89,0.66,175.3,21.6,107.2,150,87,62,588,Low,Medium,4,IR-64,Transplanting,Flood Irrigation,Herbicide,106,36,No,38329,2207,70955,32626
2021-22,2021,Kharif,Shivamogga,Central,high,67688,318201,4701,75,545,31.1,83,7.19,0.63,175.5,13.7,102.1,120,61,61,1706,High,Low,2,Rasi,Transplanting,Drip,Mixed,133,20,No,51099,2421,113811,62712
2021-22,2021,Rabi,Shivamogga,Central,high,35172,137381,3906,75,318,30.7,67,7.31,0.57,281.5,27.0,126.6,187,90,56,559,Medium,Low,6,MTU-1010,Direct Seeding,Sprinkler,Manual,143,40,No,48198,2497,97532,49334
2021-22,2021,Kharif,Tumakuru,South,medium,21030,64141,3050,64,1116,22.6,75,6.35,0.5,267.0,12.9,218.9,146,50,54,1607,Low,Low,3,JGL-1798,Transplanting,Sprinkler,Herbicide,121,36,Yes,37824,2202,67161,29337
2021-22,2021,Rabi,Tumakuru,South,medium,22314,69351,3108,64,287,22.1,70,6.81,0.52,165.7,15.3,185.4,193,59,63,1833,Low,Low,6,JGL-1798,Direct Seeding,Sprinkler,Herbicide,138,39,Yes,53269,2404,74716,21447
2021-22,2021,Kharif,Udupi,Coastal,medium-low,36172,99690,2756,52,674,24.4,79,6.91,0.44,232.0,10.3,123.8,104,92,32,1739,High,High,3,Rasi,SRI,Drip,Mixed,112,31,No,39259,2105,58013,18754
2021-22,2021,Rabi,Udupi,Coastal,medium-low,26314,63206,2402,52,362,27.5,62,6.97,0.44,217.8,20.9,168.7,196,54,74,1841,Medium,Low,4,JGL-1798,Transplanting,Sprinkler,Herbicide,137,27,No,41422,2352,56495,15073
2021-22,2021,Kharif,Uttara Kannada,Coastal,medium-low,44735,125347,2802,50,591,22.3,79,6.68,0.49,161.7,22.3,207.9,184,109,61,1750,High,Medium,5,Intan,Transplanting,Sprinkler,Mixed,135,31,No,40043,1932,54134,14091
2021-22,2021,Rabi,Uttara Kannada,Coastal,medium-low,15272,34636,2268,50,200,26.9,83,6.06,0.62,197.7,20.5,159.8,123,80,53,606,High,Medium,2,Rasi,Direct Seeding,Drip,Herbicide,122,36,No,53651,1839,41708,-11942
2021-22,2021,Kharif,Vijayapura,North,medium-low,17807,49770,2795,56,571,24.8,77,6.26,0.67,277.9,15.4,127.4,167,100,59,1715,Medium,Low,3,IR-64,SRI,Drip,Manual,111,35,Yes,52455,2389,66772,14317
2021-22,2021,Rabi,Vijayapura,North,medium-low,25613,58218,2273,56,300,30.3,67,7.3,0.4,294.1,28.5,240.2,143,101,40,1033,Low,High,4,JGL-1798,SRI,Drip,Mixed,141,20,No,47749,1971,44800,-2948
2021-22,2021,Kharif,Yadgir,North,medium-low,37674,85105,2259,51,1003,24.2,82,6.33,0.56,267.3,17.4,133.5,164,63,65,1955,Medium,Medium,4,BPT-5204,SRI,Drip,Mixed,113,27,No,35512,2424,54758,19246
2021-22,2021,Rabi,Yadgir,North,medium-low,15279,37066,2426,51,247,30.2,67,6.01,0.45,243.5,27.6,234.1,173,59,37,1485,High,Medium,3,BPT-5204,Transplanting,Sprinkler,Mixed,122,33,Yes,43818,1838,44589,771
2022-23,2022,Kharif,Bagalkot,North,medium,19549,73132,3741,69,615,25.9,62,6.49,0.53,199.0,16.6,116.1,193,72,53,1768,Low,Medium,5,Rasi,SRI,Flood Irrigation,Manual,134,29,No,36500,1816,67936,31436
2022-23,2022,Rabi,Bagalkot,North,medium,20878,60608,2903,69,176,29.0,80,7.2,0.44,265.5,11.7,216.5,122,108,54,1760,High,Low,6,Intan,Direct Seeding,Sprinkler,Manual,96,39,No,35220,2078,60324,25104
2022-23,2022,Kharif,Ballari,North,high,58871,249907,4245,80,926,27.3,84,6.52,0.38,170.5,16.6,221.4,199,104,56,619,Medium,High,6,Jyothi,Direct Seeding,Sprinkler,Herbicide,115,24,Yes,39529,2304,97804,58275
2022-23,2022,Rabi,Ballari,North,high,45063,185524,4117,80,272,31.8,81,6.42,0.62,259.9,18.4,154.6,140,86,41,1528,Low,Medium,6,BPT-5204,Transplanting,Sprinkler,Herbicide,122,15,Yes,35205,1840,75752,40547
2022-23,2022,Kharif,Belagavi,North,medium-low,17997,45028,2502,58,714,25.7,67,6.88,0.74,160.9,14.7,196.4,114,91,50,641,Low,Low,4,IR-64,Direct Seeding,Flood Irrigation,Mixed,106,35,No,53204,1986,49689,-3514
2022-23,2022,Rabi,Belagavi,North,medium-low,22064,49511,2244,58,255,24.8,76,6.79,0.49,238.0,29.9,173.6,163,78,57,1419,High,Medium,4,Rasi,Direct Seeding,Flood Irrigation,Mixed,80,19,No,51885,1971,44229,-7655
2022-23,2022,Kharif,Bengaluru Rural,South,medium,29716,85700,2884,63,471,27.3,85,7.22,0.65,271.2,12.1,120.1,108,66,42,1742,Low,High,2,Rasi,Direct Seeding,Sprinkler,Manual,87,27,Yes,37944,2332,67254,29310
2022-23,2022,Rabi,Bengaluru Rural,South,medium,13599,37084,2727,63,350,23.6,82,6.83,0.47,229.9,25.3,160.6,190,61,72,1433,Low,Low,4,Jyothi,Direct Seeding,Drip,Herbicide,126,32,No,50854,1938,52849,1995
2022-23,2022,Kharif,Bidar,North,medium-low,30080,71289,2370,54,984,31.4,70,6.21,0.35,272.5,27.1,211.3,148,120,45,1994,Low,Medium,2,Intan,Transplanting,Sprinkler,Herbicide,95,35,No,40752,1864,44176,3424
2022-23,2022,Rabi,Bidar,North,medium-low,17712,44527,2514,54,201,26.4,82,7.09,0.76,248.3,29.3,243.5,103,91,41,853,Low,High,6,Intan,Transplanting,Sprinkler,Herbicide,101,18,No,45713,2473,62171,16458
2022-23,2022,Kharif,Chamarajanagar,South,medium,47156,141185,2994,60,1055,25.0,77,6.83,0.42,175.0,23.1,205.4,131,119,43,1155,High,Medium,4,Jyothi,Transplanting,Drip,Mixed,139,38,No,42171,1965,58832,16661
2022-23,2022,Rabi,Chamarajanagar,South,medium,24508,63353,2585,60,226,31.4,78,6.5,0.73,236.6,29.1,174.7,191,64,41,1415,High,High,5,BPT-5204,Transplanting,Sprinkler,Manual,136,17,Yes,36816,2139,55293,18477
2022-23,2022,Kharif,Chikkaballapura,South,medium,25318,77219,3050,59,1010,26.7,76,7.37,0.66,182.1,24.2,222.6,117,116,45,767,Low,Low,2,JGL-1798,Direct Seeding,Drip,Mixed,86,32,Yes,40677,1838,56059,15382
2022-23,2022,Rabi,Chikkaballapura,South,medium,25963,60208,2319,59,383,26.9,85,7.41,0.74,227.8,20.1,185.3,144,76,74,1978,High,Medium,6,IR-64,Transplanting,Flood Irrigation,Mixed,148,27,Yes,36325,2006,46519,10194
2022-23,2022,Kharif,Chikkamagaluru,South,medium,17080,54331,3181,65,709,24.4,72,6.97,0.71,278.3,21.5,116.4,108,94,40,930,High,High,2,BPT-5204,Transplanting,Sprinkler,Mixed,101,39,No,35787,1894,60248,24461
2022-23,2022,Rabi,Chikkamagaluru,South,medium,14723,41636,2828,65,241,28.5,83,6.77,0.33,273.5,28.2,186.5,160,60,43,1906,High,Medium,2,Intan,Transplanting,Flood Irrigation,Herbicide,86,35,Yes,39973,1918,54241,14268
2022-23,2022,Kharif,Chitradurga,Central,medium-low,23908,61300,2564,58,1103,31.2,74,6.62,0.68,170.9,12.3,215.7,186,61,37,730,Medium,Medium,2,JGL-1798,Transplanting,Flood Irrigation,Manual,84,29,Yes,46237,2477,63510,17273
2022-23,2022,Rabi,Chitradurga,Central,medium-low,23237,67131,2889,58,324,31.3,66,7.39,0.67,182.1,15.9,128.9,148,93,43,1598,Low,High,3,Jyothi,SRI,Sprinkler,Herbicide,146,18,Yes,44242,1980,57202,12960
2022-23,2022,Kharif,Dakshina Kannada,Coastal,medium-low,20068,47500,2367,55,423,29.9,81,6.59,0.56,288.3,27.2,186.5,141,67,39,1721,Medium,Medium,3,BPT-5204,SRI,Flood Irrigation,Mixed,126,26,No,37163,2470,58464,21301
2022-23,2022,Rabi,Dakshina Kannada,Coastal,medium-low,8885,23465,2641,55,209,29.2,78,6.89,0.36,254.2,19.9,102.6,112,79,59,742,Low,Medium,3,Jyothi,Direct Seeding,Sprinkler,Herbicide,149,26,No,45057,1933,51050,5993
2022-23,2022,Kharif,Davanagere,Central,high,48159,245996,5108,78,665,31.4,83,7.17,0.31,298.5,28.6,163.4,146,70,60,972,High,Medium,4,BPT-5204,Transplanting,Sprinkler,Mixed,87,29,Yes,49130,2236,114214,65084
2022-23,2022,Rabi,Davanagere,Central,high,40598,147979,3645,78,216,23.3,69,6.8,0.77,166.1,16.4,242.9,120,50,44,1936,High,Medium,2,JGL-1798,Transplanting,Flood Irrigation,Manual,126,27,No,53495,2455,89484,35989
2022-23,2022,Kharif,Dharwad,North,medium,32688,102313,3130,67,715,28.2,71,6.66,0.64,299.7,17.4,163.8,122,81,46,1482,Low,Low,4,Jyothi,Direct Seeding,Flood Irrigation,Manual,85,32,Yes,38883,2326,72803,33920
2022-23,2022,Rabi,Dharwad,North,medium,11235,28952,2577,67,113,30.1,83,7.19,0.58,165.1,18.0,214.5,111,112,40,1367,High,Low,6,BPT-5204,SRI,Flood Irrigation,Mixed,126,29,Yes,39853,2406,62002,22149
2022-23,2022,Kharif,Gadag,North,medium,17552,61941,3529,60,510,31.7,82,6.09,0.34,226.3,18.2,115.2,106,109,75,969,Medium,Low,2,MTU-1010,Direct Seeding,Drip,Mixed,115,30,No,41537,2210,77990,36453
2022-23,2022,Rabi,Gadag,North,medium,12248,31808,2597,60,200,22.2,78,6.65,0.47,278.9,23.5,167.0,190,104,68,1019,Medium,Low,3,BPT-5204,SRI,Flood Irrigation,Herbicide,105,36,Yes,54888,2212,57445,2557
2022-23,2022,Kharif,Hassan,South,medium,22085,84386,3821,68,850,31.2,73,7.33,0.52,172.3,17.1,109.6,130,67,74,1472,Low,Low,2,IR-64,Direct Seeding,Drip,Herbicide,92,24,No,54310,1825,69733,15423
2022-23,2022,Rabi,Hassan,South,medium,23479,65694,2798,68,159,22.5,78,6.73,0.53,287.1,10.7,212.4,133,80,64,1630,Low,High,6,MTU-1010,SRI,Sprinkler,Mixed,114,33,Yes,45323,2055,57498,12175
2022-23,2022,Kharif,Haveri,North,medium,40462,151772,3751,62,467,25.2,65,6.06,0.61,225.3,26.2,144.6,176,113,55,1741,High,Medium,3,Rasi,Transplanting,Flood Irrigation,Herbicide,136,36,Yes,48584,2191,82184,33600
2022-23,2022,Rabi,Haveri,North,medium,20534,62464,3042,62,249,23.0,72,7.43,0.37,222.7,29.1,172.8,173,84,45,977,Low,Medium,5,JGL-1798,Transplanting,Sprinkler,Mixed,145,36,No,54099,2382,72460,18361
2022-23,2022,Kharif,Kalaburagi,North,medium-low,49245,120010,2437,57,1025,26.5,60,6.1,0.71,189.6,27.7,227.2,184,67,31,938,Medium,Low,6,Jyothi,SRI,Flood Irrigation,Manual,91,28,Yes,40189,2476,60340,20151
2022-23,2022,Rabi,Kalaburagi,North,medium-low,21742,56507,2599,57,232,23.0,77,7.42,0.7,185.3,23.7,212.6,173,115,68,1533,High,Medium,3,BPT-5204,Transplanting,Drip,Manual,148,31,No,51653,1831,47587,-4065
2022-23,2022,Kharif,Kodagu,South,low,45770,116667,2549,48,472,31.7,72,7.34,0.45,170.7,25.2,167.7,145,116,62,977,High,Medium,6,IR-64,Direct Seeding,Flood Irrigation,Mixed,102,16,Yes,43503,2353,59977,16474
2022-23,2022,Rabi,Kodagu,South,low,9767,20422,2091,48,263,26.7,62,7.24,0.39,178.3,21.3,144.9,151,61,78,1827,High,Low,3,Intan,Direct Seeding,Sprinkler,Mixed,114,40,Yes,54657,2486,51982,-2674
2022-23,2022,Kharif,Kolar,South,medium,31682,96756,3054,61,916,23.5,83,7.13,0.59,299.9,28.6,171.6,181,56,47,588,High,Medium,3,Rasi,Transplanting,Drip,Manual,134,18,No,48996,1845,56346,7350
2022-23,2022,Rabi,Kolar,South,medium,18431,56048,3041,61,227,23.8,69,7.01,0.7,233.0,14.5,208.4,145,63,79,1442,High,High,5,JGL-1798,Direct Seeding,Sprinkler,Manual,133,37,No,54982,2185,66445,11463
2022-23,2022,Kharif,Koppal,North,high,60507,305560,5050,85,1137,24.6,79,6.64,0.43,226.8,13.0,166.6,119,93,36,1290,Low,Low,4,Intan,Transplanting,Sprinkler,Herbicide,115,32,Yes,35011,2314,116857,81846
2022-23,2022,Rabi,Koppal,North,high,39942,204702,5125,85,213,24.7,72,6.8,0.55,242.1,27.6,120.6,133,100,60,809,High,Medium,6,Intan,Transplanting,Drip,Manual,88,17,No,37420,2019,103473,66053
2022-23,2022,Kharif,Mandya,South,high,41037,216306,5271,90,1174,31.9,67,6.54,0.68,240.0,26.3,249.8,126,102,36,976,Low,Medium,5,BPT-5204,Direct Seeding,Flood Irrigation,Manual,85,23,No,53228,2323,122445,69217
2022-23,2022,Rabi,Mandya,South,high,21378,97013,4538,90,111,31.1,71,7.36,0.44,195.3,12.9,118.7,112,104,50,1831,Low,Low,4,IR-64,Transplanting,Sprinkler,Herbicide,131,17,No,50867,1866,84679,33812
2022-23,2022,Kharif,Mysuru,South,medium,44226,159788,3613,70,1116,24.6,77,6.86,0.57,156.3,20.8,236.1,100,101,59,1628,Low,Low,4,BPT-5204,Direct Seeding,Drip,Herbicide,146,18,Yes,45697,2437,88048,42351
2022-23,2022,Rabi,Mysuru,South,medium,12436,45515,3660,70,292,31.5,77,6.63,0.63,242.6,28.3,204.8,174,100,74,1766,High,Medium,4,Intan,Direct Seeding,Sprinkler,Herbicide,91,25,No,54279,2067,75652,21373
2022-23,2022,Kharif,Raichur,North,high,55461,293000,5283,82,450,23.1,79,6.2,0.6,177.1,26.9,217.2,146,81,74,1281,High,Low,4,BPT-5204,Transplanting,Drip,Manual,134,36,Yes,42440,2410,127320,84880
2022-23,2022,Rabi,Raichur,North,high,38546,182476,4734,82,384,30.1,66,6.63,0.42,296.4,23.0,115.0,174,83,50,1262,High,Low,5,Jyothi,Transplanting,Flood Irrigation,Manual,118,40,Yes,44788,2343,110917,66129
2022-23,2022,Kharif,Ramanagara,South,medium,37323,110923,2972,66,448,24.9,72,7.5,0.64,191.1,28.1,229.2,178,105,57,1518,Medium,Low,4,MTU-1010,Direct Seeding,Drip,Manual,81,40,No,45313,2233,66364,21051
2022-23,2022,Rabi,Ramanagara,South,medium,25610,71708,2800,66,326,25.4,60,6.86,0.69,196.3,16.4,133.1,200,114,68,559,Medium,Low,3,MTU-1010,Direct Seeding,Drip,Herbicide,128,40,Yes,41039,2228,62384,21345
2022-23,2022,Kharif,Shivamogga,Central,high,57111,282071,4939,75,455,23.1,80,6.5,0.6,184.3,11.1,204.2,186,104,40,882,Low,Low,3,IR-64,Transplanting,Drip,Herbicide,141,37,No,45178,2210,109151,63973
2022-23,2022,Rabi,Shivamogga,Central,high,22924,104625,4564,75,134,25.9,63,6.12,0.44,297.5,11.8,236.6,164,82,64,1558,High,Medium,2,BPT-5204,SRI,Flood Irrigation,Manual,140,33,No,50767,2306,105245,54478
2022-23,2022,Kharif,Tumakuru,South,medium,36548,101603,2780,64,481,23.7,79,7.32,0.48,289.6,27.9,239.6,134,107,38,1971,Medium,Medium,3,Rasi,Direct Seeding,Flood Irrigation,Manual,94,20,Yes,41681,2341,65079,23398
2022-23,2022,Rabi,Tumakuru,South,medium,13724,35874,2614,64,345,25.4,73,6.52,0.59,207.9,25.1,107.2,170,94,70,845,Medium,Medium,6,JGL-1798,Direct Seeding,Flood Irrigation,Manual,109,31,No,43297,2170,56723,13426
2022-23,2022,Kharif,Udupi,Coastal,medium-low,45108,124317,2756,52,674,22.5,81,7.42,0.43,247.9,15.7,170.1,194,68,42,657,Low,Low,3,JGL-1798,SRI,Drip,Herbicide,148,34,No,37780,2261,62313,24533
2022-23,2022,Rabi,Udupi,Coastal,medium-low,17348,45243,2608,52,303,29.6,67,7.0,0.62,251.8,13.3,125.5,124,118,54,1903,Low,Low,5,IR-64,SRI,Flood Irrigation,Mixed,149,16,Yes,54881,2196,57271,2390
2022-23,2022,Kharif,Uttara Kannada,Coastal,medium-low,25334,68807,2716,50,661,25.3,80,6.29,0.49,299.1,29.6,148.7,169,114,39,1046,High,Low,4,MTU-1010,Transplanting,Drip,Manual,84,37,Yes,51865,1870,50789,-1075
2022-23,2022,Rabi,Uttara Kannada,Coastal,medium-low,22706,56878,2505,50,325,26.7,69,6.77,0.33,213.7,29.8,141.8,132,96,46,1036,Medium,Low,6,JGL-1798,SRI,Drip,Mixed,88,30,Yes,49756,2365,59243,9487
2022-23,2022,Kharif,Vijayapura,North,medium-low,20309,47116,2320,56,1102,28.5,85,7.09,0.46,246.5,12.5,180.5,164,115,72,1023,High,High,5,MTU-1010,SRI,Sprinkler,Mixed,134,33,Yes,54623,1862,43198,-11424
2022-23,2022,Rabi,Vijayapura,North,medium-low,14786,41060,2777,56,261,26.8,82,6.2,0.54,191.1,19.0,120.6,148,79,32,683,High,High,6,Rasi,Direct Seeding,Sprinkler,Herbicide,102,23,Yes,41675,2370,65814,24139
2022-23,2022,Kharif,Yadgir,North,medium-low,39780,91931,2311,51,860,23.6,67,6.36,0.7,172.6,12.3,196.9,170,113,31,1302,Low,High,3,JGL-1798,SRI,Sprinkler,Manual,107,20,Yes,38969,1845,42637,3668
2022-23,2022,Rabi,Yadgir,North,medium-low,24662,50335,2041,51,194,24.3,60,6.02,0.65,207.9,18.7,117.2,103,115,70,1722,High,High,5,Rasi,Direct Seeding,Flood Irrigation,Manual,150,17,No,41204,2181,44514,3310
2023-24,2023,Kharif,Bagalkot,North,medium,29822,110818,3716,69,695,22.6,83,6.35,0.58,289.3,23.0,196.2,110,115,78,597,Medium,Medium,5,MTU-1010,SRI,Sprinkler,Manual,104,25,No,48391,2402,89258,40867
2023-24,2023,Rabi,Bagalkot,North,medium,14773,50420,3413,69,150,22.3,66,7.1,0.8,218.6,25.0,237.4,100,97,47,1174,High,High,5,Jyothi,Transplanting,Drip,Manual,85,28,No,47777,2232,76178,28401
2023-24,2023,Kharif,Ballari,North,high,51491,216725,4209,80,413,31.0,72,7.37,0.45,163.0,11.8,226.1,128,86,30,1415,High,Medium,2,Jyothi,SRI,Sprinkler,Herbicide,140,16,Yes,47035,2375,99963,52928
2023-24,2023,Rabi,Ballari,North,high,46487,183856,3955,80,314,27.5,69,6.83,0.49,258.8,21.3,160.8,149,108,80,531,High,Low,6,Jyothi,SRI,Sprinkler,Mixed,95,30,No,37380,2172,85902,48522
2023-24,2023,Kharif,Belagavi,North,medium-low,17308,46437,2683,58,1005,26.3,71,6.68,0.34,218.2,17.5,204.0,130,66,31,678,Low,Medium,4,Jyothi,SRI,Sprinkler,Mixed,103,27,Yes,44919,1880,50440,5521
2023-24,2023,Rabi,Belagavi,North,medium-low,19294,53753,2786,58,392,25.7,64,7.41,0.69,204.2,20.2,245.7,115,108,61,1435,Medium,High,2,Rasi,SRI,Flood Irrigation,Herbicide,117,27,Yes,37445,1898,52878,15433
2023-24,2023,Kharif,Bengaluru Rural,South,medium,35426,114425,3230,63,1060,27.5,68,6.14,0.66,210.4,12.8,139.9,120,68,68,1477,Medium,High,6,BPT-5204,Direct Seeding,Flood Irrigation,Mixed,113,38,No,43729,1935,62500,18771
2023-24,2023,Rabi,Bengaluru Rural,South,medium,10743,32873,3060,63,277,28.8,71,6.73,0.72,197.8,25.6,119.0,173,68,38,1251,Medium,Low,6,BPT-5204,SRI,Flood Irrigation,Manual,131,22,No,48435,2081,63678,15243
2023-24,2023,Kharif,Bidar,North,medium-low,18096,47176,2607,54,616,30.3,68,7.27,0.54,176.6,13.3,184.0,141,85,30,619,Low,Medium,6,Rasi,SRI,Flood Irrigation,Manual,113,37,No,42876,1892,49324,6448
2023-24,2023,Rabi,Bidar,North,medium-low,11335,30955,2731,54,137,25.9,77,7.39,0.7,206.0,19.6,108.8,144,57,35,737,High,Medium,2,Intan,Transplanting,Drip,Manual,91,25,Yes,49005,1882,51397,2392
2023-24,2023,Kharif,Chamarajanagar,South,medium,42716,138869,3251,60,1161,25.6,85,6.66,0.71,170.4,10.9,169.4,155,90,73,530,Low,Medium,4,Rasi,SRI,Flood Irrigation,Mixed,119,32,No,44602,2032,66060,21458
2023-24,2023,Rabi,Chamarajanagar,South,medium,24207,67489,2788,60,390,27.2,73,6.89,0.59,279.8,18.2,119.7,132,85,60,736,Medium,High,2,Intan,SRI,Sprinkler,Manual,140,21,No,52642,1884,52525,-116
2023-24,2023,Kharif,Chikkaballapura,South,medium,23779,77448,3257,59,1142,29.7,61,6.39,0.32,202.8,21.2,191.6,128,73,34,1459,Medium,Low,4,Jyothi,Direct Seeding,Sprinkler,Manual,123,19,No,52365,1861,60612,8247
2023-24,2023,Rabi,Chikkaballapura,South,medium,16476,48390,2937,59,379,26.4,83,6.64,0.4,232.2,29.8,249.5,138,119,62,899,High,Medium,3,IR-64,Transplanting,Drip,Mixed,118,27,Yes,52701,1848,54275,1574
2023-24,2023,Kharif,Chikkamagaluru,South,medium,27948,90831,3250,65,856,30.2,68,7.06,0.5,217.3,16.7,112.0,150,70,43,1656,Low,High,2,Intan,Transplanting,Sprinkler,Herbicide,121,18,Yes,51167,2444,79430,28263
2023-24,2023,Rabi,Chikkamagaluru,South,medium,22091,64925,2939,65,114,28.7,79,6.15,0.42,292.7,29.9,169.4,164,99,36,1730,High,Low,3,IR-64,Direct Seeding,Sprinkler,Herbicide,129,16,Yes,40511,2449,71976,31465
2023-24,2023,Kharif,Chitradurga,Central,medium-low,17066,47375,2776,58,1035,25.7,67,6.47,0.76,190.2,28.8,202.4,100,60,72,776,Low,Medium,4,MTU-1010,SRI,Drip,Manual,81,20,No,36663,1880,52188,15525
2023-24,2023,Rabi,Chitradurga,Central,medium-low,14832,34410,2320,58,209,30.6,65,7.36,0.47,269.7,23.7,188.2,156,93,32,1397,Medium,Low,5,BPT-5204,Direct Seeding,Sprinkler,Manual,96,29,Yes,46595,2404,55772,9177
2023-24,2023,Kharif,Dakshina Kannada,Coastal,medium-low,40112,103769,2587,55,428,31.1,81,7.13,0.33,151.5,17.9,243.6,179,77,49,1977,Low,Low,6,BPT-5204,Transplanting,Drip,Herbicide,96,16,Yes,49038,1846,47756,-1281
2023-24,2023,Rabi,Dakshina Kannada,Coastal,medium-low,18400,46460,2525,55,245,22.6,77,6.45,0.61,164.1,14.4,198.1,178,72,64,1235,Medium,Low,4,Rasi,SRI,Drip,Manual,85,26,No,37315,1834,46308,8993
2023-24,2023,Kharif,Davanagere,Central,high,36650,166317,4538,78,898,27.7,78,6.02,0.31,235.7,28.9,236.3,170,57,34,1619,Medium,High,5,Jyothi,Direct Seeding,Flood Irrigation,Mixed,110,30,No,39106,2023,91803,52697
2023-24,2023,Rabi,Davanagere,Central,high,42746,165298,3867,78,247,25.1,82,7.44,0.49,183.8,10.1,173.6,148,70,51,1171,Low,Low,3,Rasi,Direct Seeding,Flood Irrigation,Manual,143,21,No,45259,2061,79698,34439
2023-24,2023,Kharif,Dharwad,North,medium,20831,75637,3631,67,588,24.9,74,6.81,0.39,159.2,13.7,242.1,189,69,44,953,Medium,Medium,2,BPT-5204,Transplanting,Sprinkler,Manual,85,35,No,36520,2164,78574,42054
2023-24,2023,Rabi,Dharwad,North,medium,13397,34349,2564,67,376,27.6,73,6.77,0.42,172.7,28.1,113.3,150,106,44,778,High,Low,4,Rasi,Direct Seeding,Drip,Herbicide,149,29,No,53533,1990,51023,-2509
2023-24,2023,Kharif,Gadag,North,medium,19332,56372,2916,60,1154,27.9,73,6.47,0.5,184.6,26.9,162.9,122,51,74,789,Medium,Medium,4,Intan,Transplanting,Flood Irrigation,Herbicide,139,29,Yes,54524,1929,56249,1725
2023-24,2023,Rabi,Gadag,North,medium,8756,28535,3259,60,158,22.9,71,7.26,0.41,262.8,10.1,128.4,189,71,36,1825,High,High,3,BPT-5204,Direct Seeding,Sprinkler,Manual,146,33,No,35140,2174,70850,35710
2023-24,2023,Kharif,Hassan,South,medium,36266,112932,3114,68,508,29.7,76,6.65,0.57,199.8,21.0,209.5,140,109,74,1463,Low,High,2,Jyothi,SRI,Sprinkler,Manual,86,39,No,42744,2290,71310,28566
2023-24,2023,Rabi,Hassan,South,medium,18944,65148,3439,68,210,22.7,72,6.91,0.38,286.3,19.6,125.9,165,85,51,1136,Low,High,2,Intan,Transplanting,Flood Irrigation,Mixed,141,20,Yes,36768,1981,68126,31358
2023-24,2023,Kharif,Haveri,North,medium,35757,108665,3039,62,701,27.4,80,7.39,0.79,170.3,28.9,108.9,111,85,47,1497,Medium,High,3,Rasi,Transplanting,Sprinkler,Mixed,94,17,No,46793,2391,72662,25869
2023-24,2023,Rabi,Haveri,North,medium,20232,64459,3186,62,105,28.7,83,6.94,0.31,155.4,14.2,107.6,191,69,44,768,Low,High,5,Jyothi,Direct Seeding,Flood Irrigation,Mixed,93,22,No,41355,1842,58686,17331
2023-24,2023,Kharif,Kalaburagi,North,medium-low,48067,142134,2957,57,533,27.0,73,6.5,0.32,188.0,13.9,202.3,107,94,75,1718,Low,Medium,5,Jyothi,Direct Seeding,Drip,Mixed,92,34,Yes,39326,1872,55355,16029
2023-24,2023,Rabi,Kalaburagi,North,medium-low,21784,47401,2176,57,182,31.9,62,6.62,0.74,252.9,24.8,170.5,148,55,40,1692,High,High,3,BPT-5204,Transplanting,Drip,Manual,149,23,Yes,47684,2201,47893,209
2023-24,2023,Kharif,Kodagu,South,low,21972,46866,2133,48,483,30.0,66,7.41,0.51,152.1,11.1,160.9,147,103,55,1443,Low,Medium,3,Rasi,Direct Seeding,Flood Irrigation,Manual,145,40,No,46863,2170,46286,-576
2023-24,2023,Rabi,Kodagu,South,low,9888,20151,2038,48,246,29.8,85,6.38,0.63,216.1,18.6,247.0,187,89,68,886,High,Low,6,Jyothi,Direct Seeding,Flood Irrigation,Herbicide,128,20,No,41218,1932,39374,-1843
2023-24,2023,Kharif,Kolar,South,medium,46225,126656,2740,61,537,26.3,63,6.13,0.78,188.4,25.7,199.8,194,93,71,1636,High,Medium,4,Rasi,Transplanting,Flood Irrigation,Mixed,145,31,Yes,52491,2304,63129,10638
2023-24,2023,Rabi,Kolar,South,medium,20073,62105,3094,61,150,29.4,73,6.22,0.42,196.7,26.4,112.7,176,98,46,951,Low,High,4,MTU-1010,Transplanting,Flood Irrigation,Mixed,116,29,Yes,46981,2482,76793,29812
2023-24,2023,Kharif,Koppal,North,high,36530,175453,4803,85,641,24.2,68,7.42,0.77,155.2,23.8,111.6,190,96,72,1583,Medium,Medium,2,IR-64,SRI,Drip,Herbicide,139,39,No,53471,2491,119642,66171
2023-24,2023,Rabi,Koppal,North,high,27722,125885,4541,85,332,26.0,82,7.34,0.7,190.2,25.4,235.2,181,92,42,1238,Low,Medium,4,Intan,Direct Seeding,Drip,Herbicide,129,38,No,37083,2241,101763,64680
2023-24,2023,Kharif,Mandya,South,high,47235,272073,5760,90,529,22.8,70,6.43,0.31,254.7,10.2,149.8,179,89,62,679,Medium,Low,5,Intan,Transplanting,Drip,Herbicide,128,27,No,49636,1986,114393,64757
2023-24,2023,Rabi,Mandya,South,high,21778,112396,5161,90,222,22.1,68,6.21,0.48,257.6,29.7,139.9,149,65,48,607,High,Medium,6,Intan,Transplanting,Flood Irrigation,Manual,133,18,No,45378,2116,109206,63828
2023-24,2023,Kharif,Mysuru,South,medium,23788,91203,3834,70,457,26.5,73,6.33,0.69,183.9,29.2,202.1,102,53,64,1822,High,High,2,Jyothi,SRI,Drip,Manual,98,18,Yes,47070,2362,90559,43489
2023-24,2023,Rabi,Mysuru,South,medium,17259,50240,2911,70,385,24.8,65,6.31,0.71,248.7,24.8,126.4,164,108,46,1046,High,High,5,BPT-5204,Transplanting,Drip,Manual,100,35,Yes,52335,2220,64624,12289
2023-24,2023,Kharif,Raichur,North,high,56648,305785,5398,82,551,24.2,74,6.69,0.37,214.5,23.6,161.0,124,109,30,728,Medium,Low,2,MTU-1010,SRI,Sprinkler,Herbicide,99,29,Yes,35805,2176,117460,81655
2023-24,2023,Rabi,Raichur,North,high,29894,138050,4618,82,123,22.4,64,6.73,0.64,259.4,11.3,127.9,159,74,37,1371,Low,High,4,JGL-1798,SRI,Sprinkler,Manual,107,39,No,52337,2442,112771,60434
2023-24,2023,Kharif,Ramanagara,South,medium,40823,115937,2840,66,568,31.1,66,6.18,0.49,201.9,24.2,177.7,150,72,76,554,High,High,3,Intan,SRI,Sprinkler,Herbicide,111,26,Yes,47239,2430,69012,21773
2023-24,2023,Rabi,Ramanagara,South,medium,15457,49354,3193,66,209,31.1,64,6.25,0.62,265.6,18.9,204.9,124,116,68,1745,Low,Low,4,IR-64,Direct Seeding,Sprinkler,Mixed,108,40,No,42389,1932,61688,19299
2023-24,2023,Kharif,Shivamogga,Central,high,48510,222272,4582,75,489,27.1,61,6.7,0.35,157.3,29.5,106.8,123,99,68,1519,Low,High,3,MTU-1010,Transplanting,Drip,Manual,92,15,No,39085,1959,89761,50676
2023-24,2023,Rabi,Shivamogga,Central,high,32602,123007,3773,75,383,24.2,77,7.02,0.62,177.4,11.8,228.9,185,105,75,1036,High,Medium,5,Jyothi,Transplanting,Drip,Herbicide,113,19,Yes,41875,2021,76252,34377
2023-24,2023,Kharif,Tumakuru,South,medium,40706,144139,3541,64,545,31.5,82,6.76,0.62,263.2,15.8,249.6,144,69,75,1861,High,High,3,JGL-1798,SRI,Drip,Herbicide,87,27,Yes,46060,2016,71386,25326
2023-24,2023,Rabi,Tumakuru,South,medium,15826,46939,2966,64,299,24.4,80,7.19,0.54,269.8,11.3,197.2,168,57,47,1312,High,Medium,4,BPT-5204,Transplanting,Flood Irrigation,Herbicide,120,22,No,38998,2468,73200,34202
2023-24,2023,Kharif,Udupi,Coastal,medium-low,36129,89057,2465,52,413,30.9,62,6.33,0.49,210.2,11.1,217.7,184,101,44,1669,High,Medium,4,Jyothi,Transplanting,Drip,Mixed,115,40,No,36475,2170,53490,17015
2023-24,2023,Rabi,Udupi,Coastal,medium-low,14812,32630,2203,52,137,30.0,80,6.99,0.48,214.2,24.4,110.8,172,93,51,1377,Medium,Low,6,Rasi,Transplanting,Sprinkler,Mixed,128,33,Yes,54363,2128,46879,-7483
2023-24,2023,Kharif,Uttara Kannada,Coastal,medium-low,32202,81760,2539,50,766,30.0,61,6.72,0.3,170.6,15.1,165.2,120,51,34,1775,High,Medium,2,JGL-1798,SRI,Sprinkler,Manual,99,24,Yes,41612,2385,60555,18943
2023-24,2023,Rabi,Uttara Kannada,Coastal,medium-low,13384,32723,2445,50,320,31.1,79,6.61,0.57,247.1,18.1,185.0,166,110,43,651,Low,Medium,5,Jyothi,Transplanting,Flood Irrigation,Mixed,103,19,No,47759,2491,60904,13145
2023-24,2023,Kharif,Vijayapura,North,medium-low,43322,101546,2344,56,747,29.0,76,6.8,0.54,231.7,17.0,226.1,126,89,42,736,High,Low,5,IR-64,Direct Seeding,Flood Irrigation,Manual,145,36,No,40953,2038,47770,6817
2023-24,2023,Rabi,Vijayapura,North,medium-low,11114,24661,2219,56,181,23.2,62,6.53,0.31,202.4,26.2,140.8,136,108,48,1482,Low,High,2,BPT-5204,Transplanting,Drip,Mixed,139,27,No,45131,2357,52301,7170
2023-24,2023,Kharif,Yadgir,North,medium-low,39806,107356,2697,51,908,26.0,78,6.67,0.53,196.4,28.8,163.0,125,99,52,1373,High,Low,4,MTU-1010,Direct Seeding,Flood Irrigation,Manual,132,22,No,45313,2025,54614,9301
2023-24,2023,Rabi,Yadgir,North,medium-low,17710,37332,2108,51,297,31.8,78,6.64,0.39,219.7,11.6,232.4,172,95,38,1665,High,Medium,3,IR-64,Transplanting,Flood Irrigation,Mixed,127,33,No,35260,1983,41801,6541
2024-25,2024,Kharif,Bagalkot,North,medium,28843,95153,3299,69,565,27.3,74,6.62,0.4,195.0,29.7,228.0,178,87,63,1771,High,High,4,Intan,Direct Seeding,Drip,Herbicide,132,36,No,43126,2105,69443,26317
2024-25,2024,Rabi,Bagalkot,North,medium,14823,49805,3360,69,249,29.5,69,7.06,0.69,268.8,16.1,118.2,172,81,78,1744,Low,High,4,IR-64,SRI,Drip,Herbicide,108,33,No,48432,2070,69552,21120
2024-25,2024,Kharif,Ballari,North,high,33178,159818,4817,80,1092,30.4,82,6.84,0.37,157.2,16.6,163.0,177,111,76,947,High,High,6,Rasi,SRI,Sprinkler,Herbicide,92,22,Yes,38395,1808,87091,48696
2024-25,2024,Rabi,Ballari,North,high,45817,203198,4435,80,166,22.6,65,6.17,0.54,156.5,16.5,234.9,166,94,42,1087,High,High,5,IR-64,Direct Seeding,Drip,Mixed,96,39,Yes,36221,2050,90917,54696
2024-25,2024,Kharif,Belagavi,North,medium-low,16343,39958,2445,58,684,27.7,69,6.57,0.33,258.5,14.5,108.2,103,68,77,1228,Low,Low,2,JGL-1798,SRI,Drip,Herbicide,130,26,No,41236,2138,52274,11038
2024-25,2024,Rabi,Belagavi,North,medium-low,19562,47711,2439,58,341,31.6,77,7.41,0.79,161.8,21.5,132.8,108,83,75,1238,High,Medium,3,IR-64,SRI,Drip,Herbicide,129,22,Yes,37374,2028,49462,12088
2024-25,2024,Kharif,Bengaluru Rural,South,medium,34923,109658,3140,63,449,30.9,69,7.34,0.4,211.1,28.7,211.1,104,81,42,1134,Medium,Medium,3,IR-64,Direct Seeding,Flood Irrigation,Mixed,93,15,No,42601,2479,77840,35239
2024-25,2024,Rabi,Bengaluru Rural,South,medium,17087,51090,2990,63,312,27.0,82,7.01,0.63,267.2,20.8,104.2,170,90,75,1949,Low,High,4,Jyothi,SRI,Flood Irrigation,Manual,91,35,No,49357,2092,62550,13193
2024-25,2024,Kharif,Bidar,North,medium-low,18239,47913,2627,54,592,31.9,69,6.31,0.46,173.3,20.7,218.7,146,56,40,831,High,High,4,Jyothi,Direct Seeding,Drip,Manual,137,39,No,40225,2003,52618,12393
2024-25,2024,Rabi,Bidar,North,medium-low,12390,26997,2179,54,178,28.2,67,6.01,0.31,199.5,21.5,116.2,126,51,44,544,Low,Low,4,Jyothi,Direct Seeding,Drip,Manual,95,36,No,49951,2173,47349,-2601
2024-25,2024,Kharif,Chamarajanagar,South,medium,44484,113612,2554,60,837,23.4,75,6.91,0.47,272.1,15.0,212.3,122,85,71,1258,Low,Low,2,JGL-1798,Transplanting,Sprinkler,Mixed,113,30,Yes,42700,1829,46712,4012
2024-25,2024,Rabi,Chamarajanagar,South,medium,12686,32032,2525,60,167,22.5,77,6.44,0.33,295.8,21.6,211.2,198,52,35,1430,High,Low,3,Rasi,Transplanting,Drip,Manual,127,16,No,48552,2065,52141,3589
2024-25,2024,Kharif,Chikkaballapura,South,medium,39062,127224,3257,59,873,29.3,63,7.25,0.54,245.4,19.9,223.7,152,63,69,1730,Low,Medium,2,Jyothi,Direct Seeding,Sprinkler,Mixed,109,32,No,40049,2493,81197,41148
2024-25,2024,Rabi,Chikkaballapura,South,medium,17433,48463,2780,59,273,27.1,62,6.27,0.46,156.0,29.1,217.3,143,99,55,1593,Medium,High,4,Intan,SRI,Sprinkler,Manual,111,30,Yes,41148,2262,62883,21735
2024-25,2024,Kharif,Chikkamagaluru,South,medium,36017,132650,3683,65,478,29.9,63,6.19,0.34,157.1,20.6,244.9,105,80,74,1209,High,High,5,MTU-1010,SRI,Sprinkler,Manual,89,29,Yes,50883,2098,77269,26386
2024-25,2024,Rabi,Chikkamagaluru,South,medium,21655,58836,2717,65,215,28.0,71,6.16,0.79,242.6,23.9,126.7,140,64,61,708,Low,Low,3,Jyothi,Direct Seeding,Sprinkler,Herbicide,111,22,No,40956,1967,53443,12487
2024-25,2024,Kharif,Chitradurga,Central,medium-low,16738,46113,2755,58,696,23.5,63,6.56,0.49,198.1,26.2,188.7,182,98,42,899,High,High,2,Rasi,SRI,Flood Irrigation,Manual,117,24,No,49510,1818,50085,575
2024-25,2024,Rabi,Chitradurga,Central,medium-low,14340,37513,2616,58,365,27.0,79,6.87,0.47,190.6,10.4,124.9,147,98,79,1539,High,Medium,2,Intan,Direct Seeding,Flood Irrigation,Mixed,137,30,No,40952,2206,57708,16756
2024-25,2024,Kharif,Dakshina Kannada,Coastal,medium-low,30908,86573,2801,55,614,23.6,79,7.11,0.51,190.2,19.0,174.7,140,71,40,1234,High,Low,2,Jyothi,Transplanting,Drip,Herbicide,149,17,Yes,54811,1937,54255,-555
2024-25,2024,Rabi,Dakshina Kannada,Coastal,medium-low,9132,23460,2569,55,393,29.3,65,6.23,0.44,160.7,28.5,243.3,198,102,43,586,Low,High,4,IR-64,SRI,Sprinkler,Mixed,131,22,No,43007,2274,58419,15412
2024-25,2024,Kharif,Davanagere,Central,high,78672,390999,4970,78,557,28.5,65,7.24,0.66,249.6,29.1,106.4,148,59,51,1858,Medium,High,6,BPT-5204,SRI,Sprinkler,Mixed,123,18,Yes,41709,1909,94877,53168
2024-25,2024,Rabi,Davanagere,Central,high,25609,113678,4439,78,120,22.4,78,6.8,0.73,255.7,13.1,222.8,110,72,39,693,Low,Low,4,Rasi,Direct Seeding,Sprinkler,Mixed,94,37,No,52639,1957,86871,34232
2024-25,2024,Kharif,Dharwad,North,medium,46369,149354,3221,67,827,27.4,72,6.45,0.3,264.5,12.2,149.0,171,118,33,1297,Medium,Medium,3,MTU-1010,SRI,Flood Irrigation,Manual,129,20,No,49491,2453,79011,29520
2024-25,2024,Rabi,Dharwad,North,medium,18473,54920,2973,67,260,27.2,84,7.11,0.49,210.3,28.9,159.9,139,65,68,1391,High,Low,3,IR-64,SRI,Flood Irrigation,Manual,98,37,No,39745,1983,58954,19209
2024-25,2024,Kharif,Gadag,North,medium,18612,54924,2951,60,417,25.1,62,6.07,0.38,187.9,14.3,245.9,136,112,62,1663,High,Low,2,Jyothi,SRI,Drip,Manual,132,33,No,53853,2339,69023,15170
2024-25,2024,Rabi,Gadag,North,medium,10425,31952,3065,60,363,29.0,63,7.1,0.31,182.9,18.6,161.5,194,71,75,504,Low,Low,4,JGL-1798,SRI,Flood Irrigation,Mixed,123,21,No,41178,1898,58173,16995
2024-25,2024,Kharif,Hassan,South,medium,16123,54076,3354,68,447,25.3,65,6.41,0.74,284.9,21.0,100.3,145,120,74,831,Medium,High,3,Rasi,SRI,Sprinkler,Manual,87,29,No,52497,2242,75196,22699
2024-25,2024,Rabi,Hassan,South,medium,11694,40999,3506,68,323,31.3,67,6.27,0.58,283.4,27.6,175.2,149,76,43,1490,Medium,High,2,Intan,Direct Seeding,Sprinkler,Manual,149,40,No,40801,2207,77377,36576
2024-25,2024,Kharif,Haveri,North,medium,31878,94103,2952,62,844,27.5,84,6.16,0.79,178.5,23.3,218.7,125,78,75,1746,Low,Low,6,MTU-1010,SRI,Sprinkler,Manual,124,20,No,54663,1864,55025,362
2024-25,2024,Rabi,Haveri,North,medium,18547,55733,3005,62,110,26.1,75,6.74,0.35,156.5,25.1,208.5,174,71,30,1800,High,High,2,MTU-1010,SRI,Drip,Manual,89,34,Yes,50305,2421,72751,22446
2024-25,2024,Kharif,Kalaburagi,North,medium-low,31518,97957,3108,57,519,26.6,76,7.04,0.48,239.0,21.6,180.0,131,119,74,1112,Medium,High,5,JGL-1798,SRI,Sprinkler,Manual,99,37,No,47349,2177,67661,20312
2024-25,2024,Rabi,Kalaburagi,North,medium-low,21699,61451,2832,57,304,27.3,84,6.26,0.73,236.2,11.9,148.6,126,89,69,1538,High,High,3,IR-64,Direct Seeding,Flood Irrigation,Mixed,114,36,No,35295,2255,63861,28566
2024-25,2024,Kharif,Kodagu,South,low,41774,93699,2243,48,539,27.8,79,6.03,0.43,221.3,25.3,161.8,175,88,34,1396,High,High,5,Jyothi,Transplanting,Sprinkler,Manual,150,40,No,45059,2496,55985,10926
2024-25,2024,Rabi,Kodagu,South,low,17976,36401,2025,48,280,28.9,78,6.43,0.44,293.0,13.9,191.2,164,88,37,1341,Medium,Low,4,MTU-1010,Direct Seeding,Sprinkler,Mixed,123,21,No,54055,2349,47567,-6487
2024-25,2024,Kharif,Kolar,South,medium,44227,135423,3062,61,789,24.9,78,6.8,0.43,197.4,25.8,125.0,181,115,55,520,Medium,Low,2,MTU-1010,Transplanting,Flood Irrigation,Herbicide,97,29,Yes,47999,2209,67639,19640
2024-25,2024,Rabi,Kolar,South,medium,14061,39455,2806,61,131,22.2,77,6.27,0.57,187.9,20.4,215.5,100,119,66,1637,Low,High,2,IR-64,Direct Seeding,Drip,Mixed,149,32,Yes,54497,2285,64117,9620
2024-25,2024,Kharif,Koppal,North,high,50276,276065,5491,85,1161,31.9,77,6.52,0.79,185.5,13.0,244.0,200,97,30,596,Low,Low,2,Rasi,Direct Seeding,Sprinkler,Herbicide,131,18,No,41661,1817,99771,58110
2024-25,2024,Rabi,Koppal,North,high,30664,135228,4410,85,149,27.6,84,6.85,0.71,296.8,23.3,234.6,137,105,58,1666,Low,High,5,Rasi,Transplanting,Sprinkler,Manual,147,30,Yes,48580,2458,108397,59817
2024-25,2024,Kharif,Mandya,South,high,34418,154089,4477,90,1046,29.5,73,6.56,0.64,157.1,15.4,144.3,132,66,68,1719,Low,Medium,5,IR-64,SRI,Drip,Herbicide,131,26,Yes,44859,1839,82332,37473
2024-25,2024,Rabi,Mandya,South,high,31432,132643,4220,90,164,23.2,71,6.92,0.52,221.7,16.3,163.8,122,73,41,755,High,Low,4,JGL-1798,Transplanting,Sprinkler,Mixed,117,29,Yes,43474,2310,97482,54008
2024-25,2024,Kharif,Mysuru,South,medium,26722,96359,3606,70,798,25.0,69,7.03,0.46,239.6,22.0,148.9,112,79,64,961,Medium,Low,5,MTU-1010,Transplanting,Flood Irrigation,Herbicide,122,38,No,42148,1904,68658,26510
2024-25,2024,Rabi,Mysuru,South,medium,11735,40943,3489,70,128,22.0,67,6.59,0.63,292.0,28.6,110.2,191,110,45,1810,Low,High,5,Jyothi,Transplanting,Drip,Herbicide,148,35,Yes,46354,2369,82654,36300
2024-25,2024,Kharif,Raichur,North,high,54403,282079,5185,82,728,27.5,65,6.27,0.63,175.5,26.8,121.0,140,62,55,736,High,Medium,5,IR-64,SRI,Flood Irrigation,Herbicide,88,16,No,36711,2341,121380,84669
2024-25,2024,Rabi,Raichur,North,high,41171,159372,3871,82,257,28.0,68,6.67,0.45,220.7,25.3,195.8,145,68,49,1397,High,High,4,BPT-5204,Direct Seeding,Flood Irrigation,Herbicide,118,37,No,41535,2066,79974,38439
2024-25,2024,Kharif,Ramanagara,South,medium,26097,92383,3540,66,1017,24.0,70,6.35,0.56,154.5,13.9,179.5,153,60,80,640,High,Low,3,MTU-1010,SRI,Sprinkler,Mixed,103,28,Yes,51809,2285,80889,29080
2024-25,2024,Rabi,Ramanagara,South,medium,18127,53837,2970,66,189,30.1,77,6.1,0.7,222.0,19.5,101.4,171,105,41,1147,High,Low,4,JGL-1798,Transplanting,Drip,Mixed,119,28,No,41969,2135,63409,21440
2024-25,2024,Kharif,Shivamogga,Central,high,82903,359218,4333,75,924,22.5,76,6.85,0.35,213.7,19.6,143.9,148,113,35,1481,Medium,High,5,JGL-1798,SRI,Drip,Mixed,88,24,Yes,41878,2205,95542,53664
2024-25,2024,Rabi,Shivamogga,Central,high,22356,97919,4380,75,394,24.6,72,6.94,0.52,295.8,16.8,191.4,173,53,74,575,Low,Low,6,Intan,SRI,Drip,Herbicide,109,33,Yes,52409,2039,89308,36899
2024-25,2024,Kharif,Tumakuru,South,medium,45073,158296,3512,64,1125,25.4,63,7.06,0.57,211.4,20.4,235.7,121,87,54,1067,High,High,6,IR-64,SRI,Sprinkler,Mixed,138,33,No,49353,1974,69326,19973
2024-25,2024,Rabi,Tumakuru,South,medium,19161,60970,3182,64,289,30.2,75,6.49,0.65,202.3,20.4,241.8,194,64,67,605,Low,Low,2,Jyothi,SRI,Sprinkler,Herbicide,148,34,Yes,39510,2106,67012,27502
2024-25,2024,Kharif,Udupi,Coastal,medium-low,34460,90802,2635,52,1054,28.1,74,7.35,0.53,288.9,25.0,179.4,133,92,36,1044,Low,Medium,5,MTU-1010,Transplanting,Sprinkler,Herbicide,146,18,Yes,40971,2022,53279,12308
2024-25,2024,Rabi,Udupi,Coastal,medium-low,20612,42769,2075,52,370,27.0,84,6.65,0.57,266.3,21.6,191.5,162,118,35,1063,Medium,High,2,MTU-1010,Transplanting,Sprinkler,Mixed,101,18,No,50335,2390,49592,-742
2024-25,2024,Kharif,Uttara Kannada,Coastal,medium-low,17629,42873,2432,50,551,27.6,73,7.39,0.59,183.2,25.8,113.4,184,90,77,1533,High,Low,5,Rasi,Transplanting,Sprinkler,Herbicide,104,19,No,35654,1924,46791,11137
2024-25,2024,Rabi,Uttara Kannada,Coastal,medium-low,10901,25617,2350,50,399,22.8,67,7.44,0.57,277.9,29.7,146.1,182,90,52,748,Low,High,5,BPT-5204,SRI,Flood Irrigation,Mixed,147,25,Yes,51458,1925,45237,-6220
2024-25,2024,Kharif,Vijayapura,North,medium-low,17481,44559,2549,56,462,30.8,69,6.32,0.53,210.1,28.1,239.9,200,117,61,921,Medium,Medium,3,Jyothi,Transplanting,Flood Irrigation,Mixed,124,31,No,53623,2051,52279,-1343
2024-25,2024,Rabi,Vijayapura,North,medium-low,12540,29782,2375,56,130,29.0,80,6.5,0.46,281.1,25.0,245.6,111,96,70,1097,Medium,High,3,BPT-5204,SRI,Drip,Herbicide,128,22,No,53615,1990,47262,-6352
2024-25,2024,Kharif,Yadgir,North,medium-low,28462,69020,2425,51,518,23.0,69,6.37,0.78,242.0,23.2,225.7,130,110,61,872,Medium,Low,3,Intan,SRI,Drip,Mixed,128,28,Yes,46243,2055,49833,3590
2024-25,2024,Rabi,Yadgir,North,medium-low,14158,29859,2109,51,142,25.8,68,6.38,0.71,252.4,11.5,234.0,179,109,50,1799,Low,Medium,6,MTU-1010,SRI,Drip,Herbicide,113,16,No,39077,1838,38763,-313
